signal,host,rvbank_star,nights,P_d,K_ms,e,label,prot_d,prot_ref,other_signals_P_d,discovery_ref,discovery_doi,verdict_ref,verdict_doi,reason,harps_in_discovery
GJ 581 d,GJ 581,GJ581,243,66.8,2.63,0.38,REFUTED,130,Robertson+2014 (Halpha); 132.5 in von Stauffenberg+2024,5.3686;12.9211;3.1481,Udry+2007 (as 83.6 d); Mayor+2009a (revised to 66.8 d),10.1051/0004-6361:20077612;10.1051/0004-6361/200912172,Robertson+2014; von Stauffenberg+2024,10.1126/science.1253253;10.1051/0004-6361/202449375,Period is ~half the 130-d rotation period; RVs anti-correlate with Halpha and the signal loses significance after activity correction; dismissed as activity in the CARMENES+HARPS+HIRES reanalysis.,yes
GJ 581 g,GJ 581,GJ581,243,36.562,1.29,0,REFUTED,130,Robertson+2014,5.3686;12.9211;3.1481,Vogt+2010,10.1088/0004-637X/723/1/954,Robertson+2014; von Stauffenberg+2024,10.1126/science.1253253;10.1051/0004-6361/202449375,"No trace of the signal remains after correcting the RVs for the Halpha activity correlation; later data support only planets b, c, e.",yes
GJ 581 f,GJ 581,GJ581,243,433,1.3,0,REFUTED,130,Robertson+2014,5.3686;12.9211;3.1481,Vogt+2010,10.1088/0004-637X/723/1/954,Robertson+2014; von Stauffenberg+2024,10.1126/science.1253253;10.1051/0004-6361/202449375,"Not supported by subsequent analyses (Robertson+2014: now believed not to exist); CARMENES+HARPS+HIRES reanalysis finds only three planets (b, c, e).",yes
Kapteyn b,Kapteyn's star (GJ 191),GJ191,217,48.616,2.25,0.21,REFUTED,143; 124.7,Robertson+2015; Bortle+2021,,Anglada-Escude+2014,10.1093/mnrasl/slu076,Robertson+2015; Bortle+2021,10.1088/2041-8205/805/2/L22;10.3847/1538-3881/abec89,Period is 1/3 of the 143-d rotation period seen in Halpha (Robertson+2015); a joint GP on RVs and Halpha explains the RVs with rotation alone (Bortle+2021).,yes
Kapteyn c,Kapteyn's star (GJ 191),GJ191,217,121.54,2.27,0.23,REFUTED,124.7,Bortle+2021,,Anglada-Escude+2014,10.1093/mnrasl/slu076,Bortle+2021,10.3847/1538-3881/abec89,Lies close to the 124.7-d rotation period from a joint GP on RVs and Halpha; Bortle+2021 attribute both reported planets to rotation/activity.,yes
HD 41248 b,HD 41248,HD41248,164,18.357,2.93,0.15,REFUTED,~25,Faria+2020 (TESS 24-25 d; GP 25.6 d),,Jenkins+2013,10.1088/0004-637X/771/1/41,Santos+2014; Faria+2020,10.1051/0004-6361/201423808;10.1051/0004-6361/201936389,Not recovered in 162 additional HARPS RVs (Santos+2014); a GP activity model explains all RV variation in HARPS+ESPRESSO data (Faria+2020).,yes
HD 41248 c,HD 41248,HD41248,164,25.648,1.84,0.0,REFUTED,~25,Faria+2020 (TESS 24-25 d; GP 25.6 d),,Jenkins+2013,10.1088/0004-637X/771/1/41,Santos+2014; Faria+2020,10.1051/0004-6361/201423808;10.1051/0004-6361/201936389,Coincides with the ~25-d stellar rotation period (rotational modulation of active regions per Santos+2014; TESS photometry and GP per Faria+2020).,yes
HD 26965 b,HD 26965 (omicron2 Eri),HD26965,103,42.38,1.81,0.04,REFUTED,~42,Burrows+2024; Laliotis+2023,,Ma+2018,10.1093/mnras/sty1933,Laliotis+2023; Burrows+2024,10.3847/1538-3881/acc067;10.3847/1538-3881/ad34d5,"Period matches the ~42-d rotation; NEID line-by-line RVs show amplitude depending on line depth (convective-blueshift suppression), inconsistent with a Keplerian; Laliotis+2023 also class it as activity.",yes
Barnard b (233 d),Barnard's star (GJ 699),GJ699,209,232.8,1.2,0.32,REFUTED,143.7,Lubin+2021 (GP on Halpha); 140+-10 in Ribas+2018,3.1533;4.1244;2.3402;6.7392,Ribas+2018,10.1038/s41586-018-0677-y,Lubin+2021; Gonzalez Hernandez+2024,10.3847/1538-3881/ac0057;10.1051/0004-6361/202451311,"Explained as a one-year alias of the ~145-d rotation signal, transient in time (Lubin+2021); not supported by ESPRESSO RVs (Gonzalez Hernandez+2024).",yes
GJ 832 c,GJ 832,HD204961,180,35.68,1.79,0.18,REFUTED,37.5,Gorrini+2022,3657,Wittenmyer+2014,10.1088/0004-637X/791/2/114,Gorrini+2022,10.1051/0004-6361/202243063,Close to the 37.5-d rotation period from activity indicators; signal not coherent in time and Bayesian model comparison prefers no second Keplerian.,yes
AD Leo b,AD Leo (GJ 388),GJ388,124,2.22579,19.11,0.015,REFUTED,2.23,Tuomi+2018 (photometric),,Tuomi+2018,10.3847/1538-3881/aab09c,Carleo+2020,10.1051/0004-6361/201937369,"Period equals the 2.23-d photometric rotation period; simultaneous optical+NIR (GIARPS) RVs do not confirm the signal, which is attributed to activity.",yes
alpha Cen Bb,alpha Cen B (GJ 559 B),GJ559B,367,3.2357,0.51,0,REFUTED,,,,Dumusque+2012,10.1038/nature11572,Rajpaul+2016,10.1093/mnrasl/slv164,"Produced by the window function of the HARPS sampling: the same ~3.24-d, ~0.5 m/s ""detection"" is recovered from simulated data with identical time stamps and no planet.",yes
"GJ 176 b (HET, 10.24 d)",GJ 176,HD285968,106,10.2369,11.62,0,REFUTED,39,Forveille+2009,8.7836,Endl+2008,10.1086/524703,Forveille+2009,10.1051/0004-6361:200810557,No signal at 10.24 d in 57 more precise HARPS RVs; the real planet is at 8.78 d and the HET detection was judged spurious.,no
GJ 667 C d,GJ 667 C,GJ667,268,91.61,1.52,0.03,REFUTED,~105,Robertson & Mahadevan 2014 (CCF FWHM),7.2004;28.140,Anglada-Escude+2013,10.1051/0004-6361/201321331,Robertson & Mahadevan 2014,10.1088/2041-8205/793/2/L24,Artifact of the ~105-d rotation seen in the CCF FWHM; disappears after activity correction while b and c remain.,yes
HD 20794 c (40 d; Pepe+2011),HD 20794,HD20794,620,40.114,0.56,0,REFUTED,38.8,Nari+2025 (BIS; 35.0 d in FWHM),18.314;89.67;647.5,Pepe+2011,10.1051/0004-6361/201117055,Nari+2025,10.1051/0004-6361/202451769,Compatible with the 38.8-d rotation period seen in the bisector span; attributed to stellar activity in the HARPS+ESPRESSO reanalysis.,yes
HD 85512 b,HD 85512,HD85512,587,58.43,0.769,0.11,REFUTED,51.2,Laliotis+2023 (47.13+-6.98 from RHK in Pepe+2011),,Pepe+2011,10.1051/0004-6361/201117055,Laliotis+2023,10.3847/1538-3881/acc067,An archival multi-instrument analysis recovers a 51.2-d signal instead of 58.4 d and attributes it to stellar rotation; NASA Exoplanet Archive now flags the planet as a false positive.,yes
tau Ceti b (13.97 d; Tuomi+2013),tau Ceti (HD 10700),HD10700,592,13.965,0.64,0.16,REFUTED,,,20.00;49.41;636.13,Tuomi+2013a,10.1051/0004-6361/201220509,Feng+2017,10.3847/1538-3881/aa83b4,"With more HARPS data and a wavelength-dependent noise model, the 14-d signal weakens when the 20-d signal is removed but not vice versa, indicating a non-Keplerian origin; not retained.",yes
HD 136352 b,HD 136352 (nu2 Lupi),HD136352,244,11.5824,1.59,0.14,UPHELD_INDEPENDENT,,,27.5821;107.5983,Udry+2019,10.1051/0004-6361/201731173,Kane+2020,10.3847/1538-3881/aba835,Transits at the RV period detected by TESS.,yes
HD 136352 c,HD 136352 (nu2 Lupi),HD136352,244,27.5821,2.65,0.04,UPHELD_INDEPENDENT,,,11.5824;107.5983,Udry+2019,10.1051/0004-6361/201731173,Kane+2020,10.3847/1538-3881/aba835,Transits at the RV period detected by TESS.,yes
HD 136352 d,HD 136352 (nu2 Lupi),HD136352,244,107.5983,1.35,0.09,UPHELD_INDEPENDENT,,,11.5824;27.5821,Udry+2019,10.1051/0004-6361/201731173,Delrez+2021,10.1038/s41550-021-01381-5,Transit at the RV period detected by CHEOPS.,yes
pi Men c,pi Men (HD 39091),HD39091,209,6.2679,1.58,0,UPHELD_INDEPENDENT,,,2088.8;124.64,Huang+2018; Gandolfi+2018,10.3847/2041-8213/aaef91;10.1051/0004-6361/201834289,Huang+2018; Gandolfi+2018,10.3847/2041-8213/aaef91;10.1051/0004-6361/201834289,TESS transits at 6.27 d; the RV signal is recovered in archival HARPS (and UCLES) data.,yes
GJ 357 b,GJ 357,GJ357,53,3.93072,1.52,,UPHELD_INDEPENDENT,78,Luque+2019 (photometric GP),9.1247;55.661,Luque+2019,10.1051/0004-6361/201935801,Luque+2019,10.1051/0004-6361/201935801,TESS transits at 3.93 d.,yes
GJ 1132 b,GJ 1132,GJ1132,125,1.62893,2.76,0,UPHELD_INDEPENDENT,,,8.929,Berta-Thompson+2015,10.1038/nature15762,Berta-Thompson+2015,10.1038/nature15762,Transits found by MEarth-South; HARPS RVs gave the mass.,yes
HD 15337 b,HD 15337 (TOI-402),HD15337,116,4.75615,3.08,0.09,UPHELD_INDEPENDENT,,,17.1784,Gandolfi+2019; Dumusque+2019,10.3847/2041-8213/ab17d9;10.1051/0004-6361/201935457,Gandolfi+2019; Dumusque+2019,10.3847/2041-8213/ab17d9;10.1051/0004-6361/201935457,TESS transits at the RV period.,yes
HD 15337 c,HD 15337 (TOI-402),HD15337,116,17.1784,2.16,0.05,UPHELD_INDEPENDENT,,,4.75615,Gandolfi+2019; Dumusque+2019,10.3847/2041-8213/ab17d9;10.1051/0004-6361/201935457,Gandolfi+2019; Dumusque+2019,10.3847/2041-8213/ab17d9;10.1051/0004-6361/201935457,TESS transits at the RV period.,yes
Proxima b,Proxima Cen (GJ 551),GJ551,227,11.186,1.38,,UPHELD_INDEPENDENT,83,Anglada-Escude+2016,5.122,Anglada-Escude+2016,10.1038/nature19106,Suarez Mascareno+2020; Suarez Mascareno+2025,10.1051/0004-6361/202037745;10.1051/0004-6361/202553728,Detected independently in ESPRESSO data alone (and in NIRPS data alone).,yes
Proxima d,Proxima Cen (GJ 551),GJ551,227,5.122,0.39,0.04,UPHELD_INDEPENDENT,83,Anglada-Escude+2016,11.186,Faria+2022,10.1051/0004-6361/202142337,Faria+2022; Suarez Mascareno+2025,10.1051/0004-6361/202142337;10.1051/0004-6361/202553728,Discovered in ESPRESSO data; evidence in NIRPS data and confirmed with NIRPS plus simultaneous and archival HARPS (Suarez Mascareno+2025).,no
GJ 581 b,GJ 581,GJ581,243,5.3686,12.3,0.0342,UPHELD_INDEPENDENT,130,Robertson+2014,12.9211;3.1481,Bonfils+2005,10.1051/0004-6361:200500193,Rosenthal+2021; von Stauffenberg+2024,10.3847/1538-4365/abe23c;10.1051/0004-6361/202449375,Recovered in HIRES/APF/Lick-only data (California Legacy Survey) and in CARMENES-only data.,yes
GJ 581 c,GJ 581,GJ581,243,12.9211,3.1,0.032,UPHELD_INDEPENDENT,130,Robertson+2014,5.3686;3.1481,Udry+2007,10.1051/0004-6361:20077612,Rosenthal+2021; von Stauffenberg+2024,10.3847/1538-4365/abe23c;10.1051/0004-6361/202449375,Recovered in HIRES/APF/Lick-only data (California Legacy Survey) and in CARMENES-only data.,yes
GJ 436 b,GJ 436,GJ436,137,2.6441,18.1,0.12,UPHELD_INDEPENDENT,,,,Butler+2004,10.1086/425173,Gillon+2007,10.1051/0004-6361:20077799,Discovered with Keck/HIRES; transits detected at the RV period.,no
GJ 876 b,GJ 876,GJ876,250,60.85,239,0.27,UPHELD_INDEPENDENT,,,30.088;1.9378;124.26,Marcy+1998,10.1086/311623,Marcy+1998; Rosenthal+2021,10.1086/311623;10.3847/1538-4365/abe23c,"Discovered with Lick/Keck spectrographs, independent of HARPS; recovered in the HIRES/APF California Legacy Survey.",no
HD 1461 b,HD 1461,HD1461,275,5.77142,2.32,0.062,UPHELD_INDEPENDENT,,,13.5052,Rivera+2010,10.1088/0004-637X/708/2/1492,Rivera+2010; Rosenthal+2021,10.1088/0004-637X/708/2/1492;10.3847/1538-4365/abe23c,Discovered with Keck/HIRES (independent of HARPS) and recovered in HIRES/APF-only data; also retained with HARPS (Diaz+2016).,no
HD 1461 c,HD 1461,HD1461,275,13.5052,1.49,0.305,UPHELD_INDEPENDENT,,,5.77142,Diaz+2016,10.1051/0004-6361/201526729,Rosenthal+2021,10.3847/1538-4365/abe23c,"Recovered in HIRES/APF/Lick-only data (California Legacy Survey, P=13.504 d).",yes
HD 192310 b,HD 192310 (GJ 785),GJ785,434,74.39,4.07,0.3,UPHELD_INDEPENDENT,,,525.8,Howard+2011 (as Gl 785 b); Pepe+2011,10.1088/0004-637X/730/1/10;10.1051/0004-6361/201117055,Howard+2011; Pepe+2011,10.1088/0004-637X/730/1/10;10.1051/0004-6361/201117055,Detected independently with Keck/HIRES (Howard+2011) and HARPS (Pepe+2011); also recovered in the California Legacy Survey.,no
GJ 176 b,GJ 176,HD285968,106,8.7836,4.12,0,UPHELD_INDEPENDENT,39,Forveille+2009,,Forveille+2009,10.1051/0004-6361:200810557,Rosenthal+2021; Trifonov+2018,10.3847/1538-4365/abe23c;10.1051/0004-6361/201731442,"Recovered in HIRES/APF/Lick-only data (California Legacy Survey, P=8.775 d); orbit updated with CARMENES RVs.",yes
Barnard b (3.15 d),Barnard's star (GJ 699),GJ699,209,3.1533,0.55,0.16,UPHELD_INDEPENDENT,143.7,Lubin+2021,4.1244;2.3402;6.7392,Gonzalez Hernandez+2024,10.1051/0004-6361/202451311,Basant+2025,10.3847/2041-8213/adb8d5,Confirmed by MAROON-X data alone.,partial
HD 10180 d,HD 10180,HD10180,269,16.3579,2.86,0.088,UPHELD_HARPS,,,5.75979;49.745;122.76;601.2;2222,Lovis+2011,10.1051/0004-6361/201015577,Lovis+2011,10.1051/0004-6361/201015577,"Member of the HARPS HD 10180 multi-planet system; accepted and not contested, no independent detection.",yes
HD 47186 b,HD 47186,HD47186,145,4.0845,9.12,0.038,UPHELD_HARPS,,,1353.6,Bouchy+2009,10.1051/0004-6361:200810669,Bouchy+2009,10.1051/0004-6361:200810669,"HARPS hot Neptune; accepted and not contested, no independent detection.",yes
HD 181433 b,HD 181433,HD181433,189,9.3743,2.94,0.396,UPHELD_HARPS,,,1014.5;7012,Bouchy+2009,10.1051/0004-6361:200810669,Horner+2019,10.3847/1538-3881/ab2e78,"Retained in the later re-analysis and new orbital solution of the system (P=9.3745 d, K=2.70 m/s).",yes
GJ 163 c,GJ 163,GJ163,205,25.63058,2.75,0.099,UPHELD_HARPS,,,8.63182;603.95,Bonfils+2013,10.1051/0004-6361/201220237,Bonfils+2013,10.1051/0004-6361/201220237,"Member of the HARPS GJ 163 system; accepted and not contested, no independent detection.",yes
HD 40307 b,HD 40307,GJ2046,260,4.3115,1.79,0.168,UPHELD_HARPS,,,9.6207;20.4185;51.56,Mayor+2009b,10.1051/0004-6361:200810451,Diaz+2016,10.1051/0004-6361/201526729,Confirmed in an 8-yr Bayesian re-analysis of more HARPS data including activity terms.,yes
GJ 581 e,GJ 581,GJ581,243,3.1481,1.8,0.012,UPHELD_HARPS,130,Robertson+2014,5.3686;12.9211,Mayor+2009a,10.1051/0004-6361/200912172,von Stauffenberg+2024,10.1051/0004-6361/202449375,"Retained as one of the three GJ 581 planets; in CARMENES-only data it appears only as an insignificant 3.15-d residual, so support is mainly HARPS.",yes
HD 20794 b,HD 20794,HD20794,620,18.314,0.614,0.064,UPHELD_HARPS,38.8,Nari+2025 (BIS),89.67;647.5,Pepe+2011,10.1051/0004-6361/201117055,Nari+2025,10.1051/0004-6361/202451769,"Confirmed with HARPS+ESPRESSO, but ESPRESSO alone is insufficient (Delta lnZ=+1.7), so support is mainly HARPS.",yes
GJ 667 C e,GJ 667 C,GJ667,268,62.24,0.92,0.02,DISPUTED,~105,Robertson & Mahadevan 2014,7.2004;28.140,Anglada-Escude+2013,10.1051/0004-6361/201321331,Feroz & Hobson 2014; Robertson & Mahadevan 2014,10.1093/mnras/stt2148;10.1088/2041-8205/793/2/L24,Claimed in a HARPS+HIRES+PFS Bayesian analysis but not supported by a correlated-noise model (only b and c) or after activity correction; still listed as confirmed by the NASA Exoplanet Archive.,yes
GJ 667 C f,GJ 667 C,GJ667,268,39.026,1.08,0.03,DISPUTED,~105,Robertson & Mahadevan 2014,7.2004;28.140,Anglada-Escude+2013,10.1051/0004-6361/201321331,Feroz & Hobson 2014; Robertson & Mahadevan 2014,10.1093/mnras/stt2148;10.1088/2041-8205/793/2/L24,Claimed in a HARPS+HIRES+PFS Bayesian analysis but not supported by a correlated-noise model (only b and c) or after activity correction; still listed as confirmed by the NASA Exoplanet Archive.,yes
HD 40307 g,HD 40307,GJ2046,260,197.8,0.95,0.29,DISPUTED,,,4.3115;9.6207;20.4185;51.56,Tuomi+2013b,10.1051/0004-6361/201220268,Diaz+2016,10.1051/0004-6361/201526729,Diaz+2016 find the HARPS data not conclusive for g (and for e); the NASA Exoplanet Archive still lists g.,yes
