signal,label,P_claim,n,dchi2,log10_fap,is_top,K,sK,alias_margin,block_phase_p,half_phase_z,apod_gain,ind_max_dchi2,ind_argmax,act_period,act_log10_fap,harm_dist,harm_alias_dist,p_logistic,p_boosting,p_no_indicators,rule,rule_alias,first_fail,detected
GJ 581 d,REFUTED,66.8,243,72.26689602564505,-11.589310301671158,True,1.729755997067108,0.2036348394508269,23.715776357905035,0.9172203790563306,0.454294339941665,0.3548228787458782,18.111099580419,halpha,137.5846270732005,-13.231513040819024,1.2486906937839464,6.715638908679321,0.7906764697819363,0.8906844799086774,0.991816380357135,False,False,indicators,True
GJ 581 g,REFUTED,36.562,243,4.636711955800788,0.0,False,0.4119918475306715,0.1913912278163623,-10.10185903826426,0.0020482390130669,4.312731851946334,4.220927780661285,14.77514580972413,contrast,137.5846270732005,-13.231513040819024,4.7598716982753615,2.448785111353774,5.320391418533938e-07,0.03539796049010747,0.005703909281680553,False,False,detection,False
GJ 581 f,REFUTED,433.0,243,3.739386400609973,0.0,False,0.3785128430795109,0.1991228225977199,-10.120441646887103,0.0001752771288424,1.5295154495242342,1.4653360268345723,28.540532312593736,bis,137.5846270732005,-13.231513040819024,14.249963858442154,5.949963858442149,1.7403289845164475e-07,0.00459334692450543,0.0017367975511804548,False,False,detection,False
Kapteyn b,REFUTED,48.616,217,15.264140998193293,-0.0002871134091979,False,0.7989276605327558,0.2047992309054929,-3.7160475421697168,0.773891256005547,1.1025216146459702,0.188309544141159,24.039233854484564,contrast,112.30631549597322,-10.852309057432388,17.950070294829526,0.0979114439431157,0.008110470432401796,0.01787024797818773,0.06673655694187285,False,False,detection,False
Kapteyn c,REFUTED,121.54,217,25.200641416007056,-1.1983199853334914,False,1.0763170349604314,0.2168922096418122,-11.777043470298375,1.02210370716589e-05,2.116375042222495,5.813359085302487,29.89495171468104,halpha,112.30631549597322,-10.852309057432388,4.70933898885047,0.6093389888504671,1.147005835161813e-05,0.021558559952620193,0.011594753859332167,False,False,detection,False
HD 41248 b,REFUTED,18.357,164,16.32138219667707,-0.0565966289878713,False,1.4434233879982692,0.3572855670498308,-11.488263672510936,0.27233739763309,0.2048809449018425,1.2519229365939566,5.01093776129354,contrast,61.78991193108408,-4.088156756472905,30.49074658686363,16.32281047433846,0.0025593096935895548,0.21777856241333532,0.016470369205232985,False,False,detection,False
HD 41248 c,REFUTED,25.648,164,52.42760545459254,-7.264285999198785,True,2.508554958160143,0.3499982840280909,0.8047322574006586,0.998603390474591,0.0837078597352523,3.9574470448766377,13.943554444398634,dlw,61.78991193108408,-4.088156756472905,34.4284793096304,20.260543197105232,0.4261170832518483,0.3119169439249558,0.33326814387204085,False,False,indicators,True
HD 26965 b,REFUTED,42.38,88,27.86729306037732,-1.79826981884614,True,1.566595720250553,0.2970833543715711,2.819332758230182,0.6576428625515423,0.3785196137348939,4.792329575793168,5.058704735846058,crx,100.82008901202116,-0.2512241574261352,,,0.07401334612354707,0.04884308718178052,0.04623614401977771,False,False,detection,False
Barnard b (233 d),REFUTED,232.8,208,34.92185097016002,-3.359067439569673,True,1.2093440855359956,0.2048442949573558,-0.5746329190862483,0.1590388210345212,0.9548074611306492,9.194903677776466,24.058770222157104,nad1,150.0,-4.091280528199432,10.5827519196295,1.925380523355484,0.0003928087356664611,0.02983507533191028,0.010320825489141641,False,False,period,True
GJ 832 c,REFUTED,35.68,180,13.164728681384547,-9.575193147449763e-11,False,0.8461726738607952,0.233239062369156,-3.126337238107089,1.2926385917764413e-05,0.0211921550611543,6.3756850847874045,50.773990574113945,nad1,35.41215366493365,-8.556601252722297,1.4055943432488844,0.0944056567511083,1.0413770358314244e-06,0.0011245324463800717,0.00431195543349604,False,False,detection,False
AD Leo b,REFUTED,2.22579,124,83.86810912445786,-13.60434977559806,False,22.798601254152643,2.4917489887319304,-11.473858991273318,0.0717391013523722,2.2687565085370918,0.0,63.26448572957462,crx,10.078846906680594,-2.6675367823227223,330.09606541892674,116.96706283451684,0.010508780654521389,0.007347182954888186,0.08914777104677173,False,False,period,True
alpha Cen Bb,REFUTED,3.2357,321,4.96396223977556,0.0,False,0.9876818324077216,0.4433289415592858,-3.098119803417557,0.5925330195116094,0.4985894725171837,9.243589383291065,3.5887987212453147,bis,129.94300459839636,-0.1895287284606528,,,0.0004944491581218985,0.05794894084518845,0.0864965693028229,False,False,detection,False
"GJ 176 b (HET, 10.24 d)",REFUTED,10.2369,106,7.293964997199403,0.0,False,1.659611205167132,0.6161870911557598,-2.1110621167213903,0.526852140735465,1.2027535228638124,2.655759988522636,10.815759309933831,bis,39.5108759089811,-4.190856812615896,18.214073021345037,2.7140730213450603,1.487633737928427e-05,0.0579675195457828,0.06660369949675896,False,False,detection,False
GJ 667 C d,REFUTED,91.61,263,18.121991698287594,-0.0801928785912976,False,0.9849449174401612,0.2313711169277973,-3.534464895835587,0.0227368648254731,2.2550425133694203,0.0,48.86186697581971,nad1,42.24389968968003,-4.113443011380784,70.8246205884196,4.287878884405554,9.82194547357317e-05,0.014040716665809095,0.05569507260857246,False,False,detection,False
HD 20794 c (40 d; Pepe+2011),REFUTED,40.114,547,11.953121184203264,-3.621999499613185e-11,False,0.2595492120371194,0.0750782976967941,-5.9964472365023305,0.0286804993527881,2.7928188331786066,2.259360187935048,12.79196900899072,halpha,121.76245487201275,-17.749017587275787,1.6780560587620013,5.033593269278509,2.480440963492881e-05,0.0265671938990256,0.009831092102715325,False,False,detection,False
HD 85512 b,REFUTED,58.43,585,22.700272840846,-0.9756359877306874,False,0.3364285922660531,0.0707875313122046,-8.259123837451305,6.034591190069986e-05,2.3443700005175003,22.917717632387195,16.43063712131019,dlw,51.624337729030906,-9.288600944918931,14.535034402703136,3.3649655972968544,2.3507840384730166e-06,0.006408516137536093,0.001493488016526357,False,False,detection,False
tau Ceti b (13.97 d; Tuomi+2013),REFUTED,13.965,508,4.351449838340768,0.0,False,0.1562726897977156,0.0749154744997892,-6.327872891845995,0.850680633934837,0.1649354522236548,0.1842608887481764,9.391718379600134,nad1,121.75572687723812,-10.984196748526722,257.0501950022671,32.60929038107702,0.0008491516225753595,0.4072692151219783,0.06867642734426661,False,False,detection,False
HD 136352 b,UPHELD_INDEPENDENT,11.5824,220,91.00292178707852,-15.562816374370977,True,1.5031327055038537,0.1582385104461838,13.434995894858275,0.1876691221256147,1.2431359178333643,0.0,4.261803235486835,halpha,27.82481936850899,-3.4927896401731537,69.82426606927797,56.52426606927793,0.992769635604095,0.9910931557799192,0.931211792136733,True,True,passes,True
HD 136352 c,UPHELD_INDEPENDENT,27.5821,220,124.16945027922355,-22.713375936174003,True,2.27501783207911,0.2046583874919148,26.638047946011568,0.9721253617606922,0.1234254589678302,3.048765587257506,7.026320646750329,rhk,27.82481936850899,-3.4927896401731537,1.523366801191067,8.476072555933657,0.9876508875226194,0.9966341613198438,0.9503359681319232,True,True,passes,True
HD 136352 d,UPHELD_INDEPENDENT,107.5983,220,70.34777566330817,-11.115684594237422,True,1.2679551154495834,0.1514907266636936,21.02256986468877,0.4831249030594189,0.9044485655455592,5.665390380218426,8.893377203469893,contrast,27.82481936850899,-3.4927896401731537,128.0954607901423,35.01718277073085,0.9374523375516622,0.9913706232675269,0.9487760368051645,True,True,passes,True
pi Men c,UPHELD_INDEPENDENT,6.2679,207,29.067842804961987,-2.3168216732114097,True,1.1105453804771004,0.2061234375941415,7.978862605553989,0.9892075856569224,0.3203656308900974,0.0,5.338544753777445,rhk,102.25369912520388,-4.318943449986615,744.6921732371942,535.2861442698206,0.9387911411141912,0.9613964340470623,0.9355053721393962,True,True,passes,True
GJ 357 b,UPHELD_INDEPENDENT,3.93072,53,8.909837812583216,0.0,False,1.307063028866014,0.4390962923053232,-5.280465426818335,0.3987837385151773,0.3183360578972001,0.8237785986399331,2.9927872148328087,crx,72.6939937185044,-2.375827053436191,667.9571743857376,554.5166944549042,0.2094880217624977,0.6717748531002102,0.48049762959084086,False,False,detection,False
GJ 1132 b,UPHELD_INDEPENDENT,1.62893,119,14.34569929833196,-0.1287816632197239,False,2.644065950567944,0.6986373335411039,2.267725220697113,0.9972048121176056,0.0385330491866727,1.3731133950828092,4.062289261741223,bis,96.54738877599756,-2.073610874328911,426.7658525977902,256.3972195995477,0.846094699723441,0.9645926937600164,0.8295883189044192,False,False,detection,False
HD 15337 b,UPHELD_INDEPENDENT,4.75615,116,48.508408036398095,-6.151502926759911,True,2.803850596577158,0.4031653496153939,5.882738244241324,0.9649389434566208,0.4392329922950142,0.0,5.287014825403174,halpha,51.41609740742365,-3.0549600313300918,761.6120706321198,566.8969884778157,0.9910883150595443,0.9914414115360746,0.9893230494092543,True,True,passes,True
HD 15337 c,UPHELD_INDEPENDENT,17.1784,116,25.55694811743604,-1.3213186758584754,True,1.7880556104375411,0.3541866968300495,1.8298817880156728,0.971771387338075,0.1053767838808123,4.238030330622745,7.717738261066383,dlw,51.41609740742365,-3.0549600313300918,0.5753737531736465,15.16740807625824,0.0957812265095095,0.5432888563436232,0.0895958054697001,False,False,detection,False
Proxima b,UPHELD_INDEPENDENT,11.186,226,21.768106094437417,-0.6521254292804843,False,1.1986609204470473,0.2569811573700996,-3.282519639148319,0.1520757080573133,1.088956398684769,0.9973119654672652,5.000748072375655,contrast,108.4329282743281,-6.735325969693737,292.5329743423644,103.71394117306497,0.18008416282078155,0.9700557251957953,0.18457134559738536,False,False,detection,False
Proxima d,UPHELD_INDEPENDENT,5.122,226,3.8707313120697298,0.0,False,0.477777018292827,0.2429829480457898,-4.361926654410453,0.1140355711766197,0.0043594286232465,1.5133692860314245,4.112673232746387,bis,108.4329282743281,-6.735325969693737,882.6833423431085,693.8643091738091,0.0012278808990628834,0.8231420777960734,0.24326267276478555,False,False,detection,False
GJ 581 b,UPHELD_INDEPENDENT,5.3686,243,217.5791703335321,-42.90496173329788,True,11.922938357652052,0.8083641326331095,36.24911944366852,0.9978372309722988,0.0359186505708339,0.0,3.626767891015821,rhk,137.5846270732005,-13.231513040819024,457.2765872363093,358.7695311359481,0.9999704868500008,0.9987735187707383,0.9977870154944011,True,True,passes,True
GJ 581 c,UPHELD_INDEPENDENT,12.9211,243,121.4793114200143,-22.16325187720369,True,3.1366832308929893,0.2849065976725831,21.89396432638225,0.919896778127095,0.0300082068569752,3.0255361877080134,5.5465556177084405,rhk,137.5846270732005,-13.231513040819024,140.685846122597,42.178790022235816,0.9989080253871805,0.9961724027144854,0.9846466780258856,True,True,passes,True
GJ 436 b,UPHELD_INDEPENDENT,2.6441,137,128.4909786046913,-23.310026399171186,True,16.70350715909766,1.4762576526152411,2.131186184469385,0.996775804853738,0.1086008595809069,0.0,8.249959169131625,crx,49.01924235871267,-2.014353464547099,1533.538274114636,1358.4707989992662,0.9972807080552897,0.9883131130698581,0.9894524624253724,True,True,passes,True
GJ 876 b,UPHELD_INDEPENDENT,60.85,248,173.075066125654,-33.13413361504497,True,160.1761766845395,12.24277751487508,23.85082762317481,0.7243746808152939,0.8296941506362158,0.3433139366705688,9.436461739154325,contrast,78.81839056927654,-3.9083122445671,21.242978285988293,2.8180989934251723,0.9920207895557668,0.9924141931803048,0.812164790390706,True,True,passes,True
HD 1461 b,UPHELD_INDEPENDENT,5.77142,266,115.86681594572998,-20.75855557121668,True,2.3402507806226454,0.2175714801620448,3.4259163159311896,0.9487170393616812,0.3177002158955802,0.5929092943518555,5.514832435350325,fwhm,22.982591237590565,-1.2646264246329306,,,0.9929397154116337,0.9931690294035216,0.980025829212052,True,True,passes,True
HD 1461 c,UPHELD_INDEPENDENT,13.5052,266,50.98597909447152,-6.879541368381688,True,1.3116012220897366,0.1838829483079813,1.9821518389200108,0.8220824800208173,0.2607869044057822,0.0,5.3034535463861605,rhk,22.982591237590565,-1.2646264246329306,,,0.9425046940626675,0.9594207816743303,0.9387521618769266,True,True,passes,True
HD 192310 b,UPHELD_INDEPENDENT,74.39,407,172.64632092440542,-33.09218390282075,True,2.2080333521036777,0.1684095423678727,46.00442885694456,0.2081968106785071,1.9251256554504617,4.582864206144279,13.494012507911672,halpha,33.64631769331183,-6.608511443763304,76.73671890933586,43.92124995247215,0.929700983648255,0.8578536529640021,0.34352838270024244,True,True,passes,True
GJ 176 b,UPHELD_INDEPENDENT,8.7836,106,25.624185870182664,-1.2789755245427428,True,3.2891393039650283,0.6508184832794014,-7.433590397686906,0.0336868913161291,2.712980305793604,0.8352040653457458,11.474063270474492,bis,39.5108759089811,-4.190856812615896,65.35651641985129,21.195060412938552,0.0467777500971792,0.15594698614247582,0.18132764916072017,False,False,detection,False
Barnard b (3.15 d),UPHELD_INDEPENDENT,3.1533,208,10.681318497216466,0.0,False,0.5819599048582726,0.1781111168326043,0.2413232085766985,0.9976522897622092,0.1888426289738699,0.0509329763503316,3.0107844232880474,contrast,150.0,-4.091280528199432,1326.7757062201692,1172.068484674393,0.7572980074513235,0.9415930394901554,0.6096727126208882,False,False,detection,False
HD 10180 d,UPHELD_HARPS,16.3579,269,131.4897386829991,-24.19638371372021,True,2.348548677273097,0.2048297394451577,18.09918603990785,0.939361075136594,0.229793382258478,2.7417431535942,6.223365915907552,fwhm,36.47366654963649,-2.658141410489013,31.94526751365396,0.5955594724283875,0.9977145026217422,0.9989805800402488,0.9556766882283027,True,False,passes,True
HD 47186 b,UPHELD_HARPS,4.0845,144,109.9745159184923,-19.43922672368349,True,8.340179610203274,0.7960856237368479,26.79477244516353,0.9990772458368194,0.1391761754577153,0.0,6.598474779664163,bis,23.22649354446628,-1.1394273012002551,,,0.9978651945459873,0.998447217845136,0.9986476266020905,True,True,passes,True
HD 181433 b,UPHELD_HARPS,9.3743,189,107.42518353724452,-18.880198602044977,True,2.079161004083974,0.2006190757521175,19.490036009254997,0.9279643822615792,0.747781743811609,0.0,3.89406933169765,halpha,27.253643070129485,-0.692624318793541,,,0.9978048237736774,0.998487827609312,0.9937854011684438,True,True,passes,True
GJ 163 c,UPHELD_HARPS,25.63058,201,60.59895259489616,-8.96432982099864,True,2.802781977072417,0.3600602560095783,8.367933703217481,0.96255251803635,0.7441618282331244,0.4869811110735895,12.399904266351472,dlw,61.13370398629177,-2.974434766255536,41.71072021257105,23.5589996469312,0.8060696776622848,0.9249255464086183,0.9328771243326129,True,True,passes,True
HD 40307 b,UPHELD_HARPS,4.3115,260,102.85346713220042,-17.85285986344947,True,1.7936123988124302,0.1773011782815441,27.400412016373053,0.558243908846954,0.532374765070124,0.0,2.9988764988165992,crx,27.97507153624714,-7.3562865922043645,501.660000911785,310.68098907086954,0.9992892466211808,0.9977746971318491,0.9921359517732077,True,True,passes,True
GJ 581 e,UPHELD_HARPS,3.1481,243,54.2995875328772,-7.7499887394300835,True,1.6900062362876729,0.229358096580488,10.388456453905045,0.813850980049946,0.6272537538361794,8.70676344933186,4.368362445777144,rhk,137.5846270732005,-13.231513040819024,839.2552674311986,740.7482113308376,0.9483891040529194,0.9624095858399826,0.798612822048986,True,True,passes,True
HD 20794 b,UPHELD_HARPS,18.314,547,41.79025987067149,-4.843240865876095,True,0.4845453977718534,0.0750327262889095,5.1430906744095495,0.9157018994038466,0.0072905352490753,1.1181428494942196,11.587165987477457,bis,121.76245487201275,-17.749017587275787,143.9630333021547,26.094968518419645,0.8868594161967751,0.7870259037002278,0.775613690675312,True,True,passes,True
GJ 667 C e,DISPUTED,62.24,263,15.959970980983131,-0.003167442880965,False,0.9396856587703668,0.2358027591325735,-9.01696095620298,0.678485799314549,0.6824360318781096,0.0,10.732229539223706,contrast,42.24389968968003,-4.113443011380784,42.12447539039982,14.65811004677278,0.0006847601280687573,0.02949216799959919,0.016312523316965404,False,False,detection,False
GJ 667 C f,DISPUTED,39.026,263,14.69571993063806,-5.975484684618027e-05,False,0.8906412616146738,0.2334201042731324,-1.2868260674334486,0.9665534649819794,0.1556973309818586,0.0,11.011562659580674,halpha,42.24389968968003,-4.113443011380784,10.850445928411895,4.404209065427332,0.0286458447717168,0.6051613007451326,0.16918605784813828,False,False,detection,False
HD 40307 g,DISPUTED,197.8,260,2.788234965525641,0.0,False,0.2203098333983593,0.1320017259517741,-4.733303005830143,2.9852564390113656e-06,1.468010054451626,12.10347938141625,16.65733778338433,halpha,27.97507153624714,-7.3562865922043645,173.33590311294878,17.64310872796662,1.82237306515511e-07,0.10043620504952144,0.011839038077981368,False,False,detection,False
