star,n,baseline,period,dchi2,log10_fap,log_n,log_ncyc,top_margin,top_period,K,sK,snr_K,K_over_rms,window_peaks,alias_margin,half_phase_z,half_amp_z,half_imbalance,block_phase_p,block_amp_p,block_phase_rms,growth_rho,apod_gain,ind_max_dchi2,ind_argmax,ind_max_absr,act_period,act_dchi2,act_log10_fap,act_indicator,harm_dist,harm_alias_dist,signal,host,label,P_claim,K_claim,n_clipped,prot_lit,n_known_removed,is_top
GJ581,243,2908.971387299709,66.81917998077517,72.26689602564505,-11.589310301671158,2.385606273598312,1.6388383079585973,25.841744980571796,66.89657386089215,1.729755997067108,0.2036348394508269,8.494401064827633,0.7664109678280556,1.00279;0.99998;0.00285,23.715776357905035,0.45429433994166507,0.13208261202118024,0.012446734582464647,0.9172203790563306,0.9570066128765645,6.323313696984015,0.9964285714285712,0.35482287874587826,18.111099580418998,halpha,0.3709272460632982,137.5846270732005,75.97529367260933,-13.231513040819024,halpha,1.2486906937839464,6.715638908679321,GJ 581 d,GJ 581,REFUTED,66.8,2.63,0,130,3,True
GJ581,243,2908.971387299709,36.4474756178286,4.636711955800788,0.0,2.385606273598312,1.9020719954367171,-67.18618898231071,66.89657386089215,0.4119918475306715,0.19139122781636234,2.152616147726336,0.182543128128262,1.00279;0.99998;0.00285,-10.10185903826426,4.312731851946334,0.05992201696100621,0.016932617998379695,0.0020482390130669337,0.2312975809488687,61.82875989625015,-0.5964285714285712,4.220927780661285,14.77514580972413,contrast,0.3709272460632982,137.5846270732005,75.97529367260933,-13.231513040819024,halpha,4.7598716982753615,2.448785111353774,GJ 581 g,GJ 581,REFUTED,36.562,1.29,0,130,3,False
GJ581,243,2908.971387299709,422.00724860925834,3.7393864006099724,0.0,2.385606273598312,0.8384195388522132,-68.08351453750153,66.89657386089215,0.3785128430795109,0.19912282259771996,1.9009013539558224,0.16770943120982992,1.00279;0.99998;0.00285,-10.120441646887105,1.5295154495242342,1.0628164061475005,0.34245014018225334,0.00017527712884249675,0.31639577509960604,72.72573885782118,-0.3285714285714285,1.4653360268345725,28.540532312593736,bis,0.3709272460632982,137.5846270732005,75.97529367260933,-13.231513040819024,halpha,14.249963858442154,5.949963858442149,GJ 581 f,GJ 581,REFUTED,433.0,1.3,0,130,3,False
GJ191,217,6592.025330086704,48.70580097548385,15.264140998193293,-0.00028711340919790335,2.3364597338485296,2.1314381776941937,-24.265483581307237,150.32879122485528,0.7989276605327558,0.20479923090549296,3.9010286171505713,0.362007015782322,1.00277;1.00217;0.00062,-3.7160475421697168,1.1025216146459702,0.192911765625131,0.02245352258244626,0.773891256005547,0.6928659459090618,22.045982536394348,0.9107142857142855,0.18830954414115908,24.039233854484564,contrast,0.3454292863151785,112.30631549597322,66.29257336782598,-10.852309057432388,halpha,17.950070294829526,0.09791144394311571,Kapteyn b,Kapteyn's star (GJ 191),REFUTED,48.616,2.25,0,143; 124.7,0,False
GJ191,217,6592.025330086704,122.10281550256066,25.200641416007056,-1.1983199853334914,2.3364597338485296,1.7322931892628062,-14.328983163493472,150.32879122485528,1.0763170349604314,0.21689220964181222,4.962451333489206,0.4876966177411854,1.00277;1.00217;0.00062,-11.777043470298377,2.116375042222495,1.4703489704741801,0.257807070551154,1.0221037071658901e-05,0.010474481757068325,68.86695038925106,0.457142857142857,5.813359085302487,29.894951714681042,halpha,0.3454292863151785,112.30631549597322,66.29257336782598,-10.852309057432388,halpha,4.70933898885047,0.6093389888504671,Kapteyn c,Kapteyn's star (GJ 191),REFUTED,121.54,2.27,0,124.7,0,False
HD41248,164,5174.8386650998145,18.36758791353447,16.32138219667707,-0.05659662898787132,2.214843848047698,2.449844687225881,-35.97760536033332,25.61594058538202,1.4434233879982692,0.35728556704983083,4.039971163450199,0.46310319941226247,1.00276;0.99997;0.00064,-11.488263672510936,0.20488094490184255,1.445465147007284,0.31080176725286135,0.27233739763309,0.36076231049882074,65.16591038264903,0.007142857142857141,1.2519229365939566,5.01093776129354,contrast,0.20012258519974538,61.78991193108408,33.36127438579515,-4.088156756472905,dlw,30.49074658686363,16.32281047433846,HD 41248 b,HD 41248,REFUTED,18.357,2.93,0,~25,0,False
HD41248,164,5174.8386650998145,25.627359799003855,52.42760545459254,-7.264285999198785,2.214843848047698,2.305192948150211,20.496604253699232,25.61594058538202,2.508554958160143,0.3499982840280909,7.167335020302002,0.804836499591795,1.00276;0.99997;0.00064,0.8047322574006586,0.0837078597352523,1.9884785331394919,0.3289744643295014,0.998603390474591,0.1946097869324564,3.185212291216987,0.982142857142857,3.9574470448766377,13.943554444398634,dlw,0.20012258519974538,61.78991193108408,33.36127438579515,-4.088156756472905,dlw,34.4284793096304,20.260543197105232,HD 41248 c,HD 41248,REFUTED,25.648,1.84,0,~25,0,True
HD26965,88,4535.682201491203,42.38,27.86729306037732,-1.79826981884614,1.9444826721501687,2.029481665164875,6.006733574771296,42.36130011774526,1.566595720250553,0.2970833543715711,5.2732531028687815,0.774726176939836,1.00274;1.00000;0.00276,2.819332758230182,0.3785196137348939,1.8580037073433437,0.2937732727305409,0.6576428625515423,0.06336042289049658,22.02848113782678,-0.12142857142857141,4.792329575793168,5.058704735846058,crx,0.21137194124194858,100.82008901202117,15.645837119063046,-0.2512241574261352,dlw,,,HD 26965 b,HD 26965 (omicron2 Eri),REFUTED,42.38,1.81,0,~42,0,True
GJ699,208,4568.595374800265,229.8716318958487,34.92185097016002,-3.359067439569673,2.3180633349627615,1.298297316787616,4.879607245510698,226.87352131731143,1.2093440855359956,0.20484429495735587,5.903723536883245,0.6915292646666096,1.00274;1.00002;0.00134,-0.5746329190862483,0.9548074611306493,2.5766687186163226,0.4554563318155611,0.15903882103452127,0.14589036801870808,72.1303859426963,0.6857142857142856,9.194903677776466,24.058770222157104,nad1,0.129045512734171,150.0,31.36102104998649,-4.091280528199432,fwhm,10.5827519196295,1.9253805233554842,Barnard b (233 d),Barnard's star (GJ 699),REFUTED,232.8,1.2,0,143.7,4,True
HD204961,180,5864.021685400046,35.71531320262071,13.164728681384547,-9.575193147449763e-11,2.255272505103306,2.2153411046869436,-18.214165828382583,35.171177966495854,0.8461726738607952,0.233239062369156,3.627920063070425,0.41862779475990136,1.00271;1.00001;0.00026,-3.126337238107089,0.02119215506115436,1.576681461733486,0.28235685121882204,1.2926385917764413e-05,0.015952429394887748,76.1540747033331,0.035714285714285705,6.3756850847874045,50.773990574113945,nad1,0.26539650381253077,35.41215366493365,55.82789260516171,-8.556601252722297,dlw,1.4055943432488844,0.0944056567511083,GJ 832 c,GJ 832,REFUTED,35.68,1.79,0,37.5,1,False
GJ388,124,6293.824979300145,2.225593231612919,83.86810912445786,-13.60434977559806,2.093421685162235,3.4514688698545477,-21.87372620699533,2.229017037736518,22.798601254152643,2.4917489887319304,9.149638008182768,1.1851152011387622,1.00274;0.00037;0.99998,-11.473858991273318,2.2687565085370913,1.053420301367611,0.23923578803251883,0.07173910135237221,0.7624353943241406,18.093658838196173,0.9678571428571429,0.0,63.26448572957462,crx,0.8210446160736813,10.078846906680594,28.465371286036397,-2.6675367823227223,fwhm,330.09606541892674,116.96706283451685,AD Leo b,AD Leo (GJ 388),REFUTED,2.22579,19.11,0,2.23,0,False
GJ559B,321,5101.966374936514,3.2362131068092266,4.96396223977556,0.0,2.506505032404872,3.197700479552692,-13.846261559426873,139.63733256116666,0.9876818324077217,0.44332894155928587,2.2278758272217156,0.13073379170515143,1.00273;1.00003;0.00269,-3.098119803417557,0.4985894725171837,1.7994926076368811,0.4686211202959787,0.5925330195116094,0.07739613780467576,39.40746878950981,0.9357142857142854,9.243589383291063,3.5887987212453147,bis,0.4298344816242876,129.94300459839636,14.345188326086506,-0.18952872846065286,dlw,,,alpha Cen Bb,alpha Cen B (GJ 559 B),REFUTED,3.2357,0.51,2,,0,False
HD285968,106,5162.845444099978,10.234363410537568,7.293964997199403,0.0,2.0253058652647704,2.7028282899113942,-22.17393705220881,40.2323603977161,1.6596112051671321,0.6161870911557598,2.6933560098674896,0.3695103159044081,1.00272;0.99974;0.00300,-2.1110621167213903,1.2027535228638124,1.3827564693577596,0.3997951976271472,0.526852140735465,0.12065393450496718,58.42564352222221,-0.6178571428571428,2.655759988522636,10.815759309933833,bis,0.2298973250534531,39.5108759089811,34.99564542625581,-4.190856812615896,halpha,18.214073021345033,2.7140730213450603,"GJ 176 b (HET, 10.24 d)",GJ 176,REFUTED,10.2369,11.62,0,39,1,False
GJ667,263,5571.762736499775,91.234982382983,18.121991698287594,-0.08019287859129763,2.419955748489758,1.7858312219695456,-25.706301881876314,307.09372028007675,0.9849449174401612,0.23137111692779733,4.256991669999706,0.36618323246433937,1.00272;1.00002;0.00027,-3.534464895835587,2.2550425133694203,1.386780485905916,0.2996212437250337,0.022736864825473185,0.37952954391852545,40.8805203740715,0.6321428571428571,0.0,48.86186697581971,nad1,0.17641896646597596,42.24389968968003,35.130195256319205,-4.113443011380784,halpha,70.8246205884196,4.287878884405554,GJ 667 C d,GJ 667 C,REFUTED,91.61,1.52,4,~105,2,False
HD20794,547,6629.817624626681,40.17476979816523,11.953121184203265,-3.621999499613185e-11,2.737987326333431,2.217548184911768,-10.69958266761125,252.47180936434336,0.2595492120371194,0.07507829769679411,3.457047109476515,0.21119795492852647,1.00273;0.99998;0.00273,-5.9964472365023305,2.7928188331786066,0.1207679943129817,0.0024901559728416345,0.02868049935278818,0.3081017106238063,35.13291842355656,-0.2785714285714285,2.259360187935048,12.791969008990721,halpha,0.22603369100515489,121.76245487201277,98.14433764650458,-17.749017587275787,halpha,1.6780560587620013,5.033593269278509,HD 20794 c (40 d; Pepe+2011),HD 20794,REFUTED,40.114,0.56,0,38.8,3,False
HD85512,585,6553.032554084435,58.30004217375323,22.700272840846,-0.9756359877306874,2.7671558660821804,2.0507734565208886,-11.328547439718871,49.98268042502741,0.33642859226605315,0.0707875313122046,4.752653271410935,0.26755377613157055,1.00276;1.00001;0.00273,-8.259123837451305,2.3443700005175003,4.498662900392235,0.49063904474329767,6.034591190069986e-05,0.024394730852574806,78.09171062525712,-0.09999999999999999,22.917717632387195,16.43063712131019,dlw,0.18953284706759044,51.624337729030906,58.30325356681182,-9.288600944918933,dlw,14.535034402703136,3.3649655972968544,HD 85512 b,HD 85512,REFUTED,58.43,0.769,2,51.2,0,False
HD10700,508,6627.872109156568,13.959485101904574,4.351449838340768,0.0,2.7058637122839193,2.6765047201664047,-14.319078477965816,179.5081076856982,0.15627268979771566,0.07491547449978925,2.085986784988665,0.1210784150845026,1.00272;1.00000;0.00273,-6.327872891845995,0.16493545222365488,0.4678964379104781,0.22959102070480875,0.850680633934837,0.7890352717758127,35.48364542129064,0.6321428571428571,0.18426088874817648,9.391718379600134,nad1,0.11337110145721549,121.75572687723812,66.6278709863359,-10.984196748526722,halpha,257.0501950022671,32.60929038107702,tau Ceti b (13.97 d; Tuomi+2013),tau Ceti (HD 10700),REFUTED,13.965,0.64,0,,3,False
HD136352,220,4816.812437699642,11.57752816334695,91.00292178707853,-15.562816374370977,2.342422680822206,2.6191438894846786,72.18354538313325,11.579795805037408,1.5031327055038535,0.1582385104461838,9.499158588294863,0.8928574063328363,1.00276;1.00002;0.00276,13.434995894858275,1.2431359178333645,0.43605895133948025,0.034161291038395936,0.1876691221256147,0.8416828437973558,16.837113486703764,0.9928571428571428,0.0,4.261803235486835,halpha,0.23622706231938442,27.82481936850899,30.649101725566254,-3.4927896401731537,fwhm,69.82426606927797,56.52426606927793,HD 136352 b,HD 136352 (nu2 Lupi),UPHELD_INDEPENDENT,11.5824,1.59,0,,2,True
HD136352,220,4816.812437699642,27.5821,124.16945027922357,-22.713375936174003,2.342422680822206,2.2421324069223814,97.86109239614332,27.582388220690248,2.27501783207911,0.2046583874919148,11.116171977896515,1.0862768686254645,1.00276;1.00002;0.00276,26.638047946011568,0.1234254589678302,0.2824679361991073,0.01158368442249691,0.9721253617606922,0.6899940023214606,3.488610154540729,0.9964285714285712,3.048765587257506,7.026320646750329,rhk,0.12073846875388768,27.82481936850899,30.649101725566254,-3.4927896401731537,fwhm,1.523366801191067,8.476072555933657,HD 136352 c,HD 136352 (nu2 Lupi),UPHELD_INDEPENDENT,27.5821,2.65,0,,2,True
HD136352,220,4816.812437699642,107.00075238917304,70.34777566330817,-11.115684594237422,2.342422680822206,1.653372904119184,48.920069850690666,107.11892975594293,1.2679551154495834,0.15149072666369362,8.369853015917062,0.8328514411817648,1.00276;1.00002;0.00276,21.02256986468877,0.9044485655455593,0.6874993260332681,0.11003461643727941,0.4831249030594189,0.5086328813426615,11.727204465139074,1.0,5.665390380218426,8.893377203469893,contrast,0.16854320546653775,27.82481936850899,30.649101725566254,-3.4927896401731537,fwhm,128.0954607901423,35.01718277073085,HD 136352 d,HD 136352 (nu2 Lupi),UPHELD_INDEPENDENT,107.5983,1.35,0,,2,True
HD39091,207,6183.883375557605,6.2679,29.067842804961987,-2.3168216732114097,2.315970345456918,2.994139231461875,7.864178004624478,6.267230648702373,1.1105453804771004,0.2061234375941415,5.387768579057817,0.42942777011087485,1.00272;0.00024;0.00053,7.978862605553989,0.3203656308900974,0.9095442545733006,0.2361392656029318,0.9892075856569224,0.7098002833051991,5.655748400025846,0.9749999999999999,0.0,5.338544753777445,rhk,0.15413298368210646,102.25369912520388,33.67555928472529,-4.318943449986615,dlw,744.6921732371942,535.2861442698206,pi Men c,pi Men (HD 39091),UPHELD_INDEPENDENT,6.2679,1.58,0,,2,True
GJ357,53,3349.9641888001934,3.930547051734327,8.909837812583216,0.0,1.724275869600789,2.9305871649541455,-9.686523602548288,4.65682478430077,1.3070630288660139,0.43909629230532327,2.9767116046544855,0.6293762977886546,1.00273;0.99998;0.00278,-5.280465426818335,0.31833605789720015,0.4068365170681431,0.2053791364236348,0.39878373851517734,0.9703884741201124,39.34335416378214,0.6857142857142856,0.8237785986399331,2.9927872148328087,crx,0.3391924854719966,72.6939937185044,25.054126022367097,-2.375827053436191,halpha,667.9571743857376,554.5166944549042,GJ 357 b,GJ 357,UPHELD_INDEPENDENT,3.93072,1.52,0,78,2,False
GJ1132,119,745.0673962999135,1.628084628791915,14.34569929833196,-0.12878166321972392,2.0755469613925306,2.6605185833273883,-2.7726976431099164,1.2442187655598451,2.644065950567944,0.6986373335411039,3.784604434415588,0.5078901220448803,1.00273;0.99978;0.00309,2.2677252206971126,0.038533049186672774,0.5203269979896341,0.1428023648497993,0.9972048121176057,0.8799934541821132,6.716601700509929,0.9464285714285712,1.3731133950828092,4.062289261741223,bis,0.19262772981828669,96.54738877599755,20.98662611710449,-2.073610874328911,fwhm,426.7658525977902,256.3972195995477,GJ 1132 b,GJ 1132,UPHELD_INDEPENDENT,1.62893,2.76,0,,1,False
HD15337,116,5750.051063199993,4.756248353172677,48.508408036398095,-6.151502926759911,2.0644579892269186,3.0824071777068274,11.494820533292703,4.7566942595471575,2.803850596577158,0.40316534961539396,6.954592202062842,0.8864396403359575,1.00276;0.99997;0.00280,5.882738244241324,0.4392329922950142,0.2080106164553978,0.0016744365523010951,0.9649389434566209,0.8266040696798349,6.095574320509723,1.0,0.0,5.287014825403174,halpha,0.36262681493318527,51.41609740742365,29.876131850507242,-3.0549600313300913,halpha,761.6120706321198,566.8969884778157,HD 15337 b,HD 15337 (TOI-402),UPHELD_INDEPENDENT,4.75615,3.08,0,,1,True
HD15337,116,5750.051063199993,17.168141962057746,25.55694811743604,-1.3213186758584754,2.0644579892269186,2.5249484056644955,0.38921901155575256,37.21713438412965,1.7880556104375411,0.3541866968300495,5.048342093140526,0.68296106679722,1.00276;0.99997;0.00280,1.8298817880156726,0.10537678388081231,0.7912222815789851,0.10812489792393298,0.971771387338075,0.16876998423414416,10.165542484357264,0.7035714285714285,4.238030330622745,7.717738261066383,dlw,0.336188355387743,51.41609740742365,29.876131850507242,-3.0549600313300913,halpha,0.5753737531736465,15.167408076258239,HD 15337 c,HD 15337 (TOI-402),UPHELD_INDEPENDENT,17.1784,2.16,0,,1,True
GJ551,226,5575.937263899948,11.191612930002167,21.768106094437417,-0.6521254292804843,2.3541084391474008,2.69742519741853,-8.711684387878819,160.14275936368313,1.1986609204470473,0.25698115737009963,4.664392256280321,0.30823817654887326,1.00272;1.00085;0.00185,-3.282519639148319,1.088956398684769,0.27119433005567645,0.1296027449452698,0.15207570805731338,0.5058776372672168,34.2018742087953,0.9035714285714285,0.9973119654672651,5.0007480723756546,contrast,0.6889096288128981,108.4329282743281,46.930689424845305,-6.735325969693737,fwhm,292.5329743423644,103.71394117306497,Proxima b,Proxima Cen (GJ 551),UPHELD_INDEPENDENT,11.186,1.38,0,83,1,False
GJ551,226,5575.937263899948,5.123176524632417,3.8707313120697298,0.0,2.3541084391474008,3.0367785585504437,-25.14855273086274,160.14275936368313,0.47777701829282704,0.24298294804578988,1.9662985494882976,0.11693666175766475,1.00272;1.00085;0.00185,-4.361926654410453,0.0043594286232465085,0.992320170744495,0.4922707641624905,0.1140355711766197,0.9150614750242759,62.26630912724954,0.6249999999999999,1.5133692860314243,4.112673232746387,bis,0.7484878770710047,108.4329282743281,46.930689424845305,-6.735325969693737,fwhm,882.6833423431085,693.8643091738091,Proxima d,Proxima Cen (GJ 551),UPHELD_INDEPENDENT,5.122,0.39,0,83,1,False
GJ581,243,2908.971387299709,5.3686,217.57917033353206,-42.90496173329788,2.385606273598312,2.733878402488376,46.77794132231344,5.368909291565966,11.922938357652052,0.8083641326331095,14.749464846757979,1.3214137706119105,1.00279;0.99998;0.00285,36.24911944366852,0.035918650570833904,0.29108716461344974,0.01603025146502718,0.9978372309722988,0.9839511023305667,1.6128001038593327,1.0,0.0,3.626767891015821,rhk,0.08348802238131606,137.5846270732005,75.97529367260933,-13.231513040819024,halpha,457.2765872363093,358.7695311359481,GJ 581 b,GJ 581,UPHELD_INDEPENDENT,5.3686,12.3,0,130,2,True
GJ581,243,2908.971387299709,12.913929846158693,121.4793114200143,-22.163251877203695,2.385606273598312,2.3526810267310623,78.72648886227915,12.92007506057929,3.1366832308929893,0.2849065976725831,11.00951419348207,0.9848795315429287,1.00279;0.99998;0.00285,21.893964326382246,0.030008206856975222,1.7703811262860802,0.17148425027864905,0.919896778127095,0.4821530016908865,6.11441238561856,1.0,3.0255361877080134,5.5465556177084405,rhk,0.24063519451615653,137.5846270732005,75.97529367260933,-13.231513040819024,halpha,140.685846122597,42.178790022235816,GJ 581 c,GJ 581,UPHELD_INDEPENDENT,12.9211,3.1,0,130,2,True
GJ436,137,5169.84565489972,2.6438802669178996,128.4909786046913,-23.310026399171182,2.1367205671564067,3.291235794061756,3.2140540328118874,2.6439629277083103,16.70350715909766,1.4762576526152413,11.314764146696765,1.334726555778352,1.00276;0.99997;0.00277,2.131186184469385,0.1086008595809069,0.05545905747329516,0.0121038057208534,0.996775804853738,0.9999704134802112,2.2622478310429135,1.0,0.0,8.249959169131625,crx,0.216675319443461,49.01924235871267,25.215012026952778,-2.014353464547099,halpha,1533.538274114636,1358.4707989992662,GJ 436 b,GJ 436,UPHELD_INDEPENDENT,2.6441,18.1,0,,0,True
GJ876,248,5730.20439490024,60.995737889755965,173.075066125654,-33.13413361504497,2.3944516808262164,1.9728706239062281,102.3261424767048,61.09367496370448,160.1761766845395,12.242777514875081,13.083320062781837,1.2435664726781954,1.00274;1.00002;0.00274,23.85082762317481,0.8296941506362158,1.421640982077373,0.10396401628611585,0.7243746808152939,0.2878379142552909,5.6458430184273025,0.982142857142857,0.34331393667056886,9.436461739154325,contrast,0.17065772058329778,78.81839056927654,33.126494733600516,-3.9083122445671,halpha,21.242978285988293,2.8180989934251723,GJ 876 b,GJ 876,UPHELD_INDEPENDENT,60.85,239.0,0,,3,True
HD1461,266,6507.072104800027,5.772123939615854,115.86681594572998,-20.75855557121668,2.424881636631067,3.052049971437647,18.966843064698338,5.77201992679511,2.3402507806226454,0.21757148016204483,10.756238726140266,0.8571138796074329,1.00274;1.00000;0.00275,3.4259163159311896,0.31770021589558023,0.872494622069213,0.08677765168661022,0.9487170393616813,0.8486377339881513,4.9453916291510405,0.9964285714285712,0.5929092943518555,5.514832435350325,fwhm,0.2807051817951953,22.982591237590565,21.437492150346493,-1.2646264246329306,dlw,,,HD 1461 b,HD 1461,UPHELD_INDEPENDENT,5.77142,2.32,0,,1,True
HD1461,266,6507.072104800027,13.501697212604629,50.985979094471524,-6.879541368381688,2.424881636631067,2.682997254845715,15.1749969849361,13.4997534470077,1.3116012220897366,0.18388294830798135,7.13280504885622,0.5450002167183013,1.00274;1.00000;0.00275,1.9821518389200108,0.2607869044057822,0.464010464605659,0.11077189037331236,0.8220824800208173,0.9353451793502165,9.316347831596381,0.9928571428571428,0.0,5.3034535463861605,rhk,0.2845082736580211,22.982591237590565,21.437492150346493,-1.2646264246329306,dlw,,,HD 1461 c,HD 1461,UPHELD_INDEPENDENT,13.5052,1.49,0,,1,True
GJ785,407,4717.130962176714,74.33138903419693,172.64632092440542,-33.09218390282075,2.60959440922522,1.8025056852136476,82.21325073004245,74.36251040174444,2.2080333521036777,0.16840954236787273,13.111094069007466,0.9211688882644135,1.00275;0.99999;0.00278,46.00442885694456,1.9251256554504617,1.3895166639512098,0.141250615875465,0.20819681067850718,0.21952912868037214,10.543364501916361,0.982142857142857,4.582864206144279,13.494012507911673,halpha,0.2059307324429265,33.64631769331183,45.598532975193,-6.608511443763304,dlw,76.73671890933586,43.921249952472145,HD 192310 b,HD 192310 (GJ 785),UPHELD_INDEPENDENT,74.39,4.07,0,,1,True
HD285968,106,5162.845444099978,8.77986568192682,25.624185870182664,-1.2789755245427428,2.0253058652647704,2.7694012521840423,1.0995440045852334,8.775488686046641,3.2891393039650283,0.6508184832794014,5.053850479770372,0.6896044177819013,1.00272;0.99974;0.00300,-7.433590397686906,2.712980305793604,0.49010815301474425,0.11927524764937225,0.03368689131612911,0.9433177115145075,33.44954843202659,0.932142857142857,0.8352040653457458,11.474063270474492,bis,0.27731845124901583,39.5108759089811,34.99564542625581,-4.190856812615896,halpha,65.35651641985129,21.195060412938552,GJ 176 b,GJ 176,UPHELD_INDEPENDENT,8.7836,4.12,0,39,0,True
GJ699,208,4568.595374800265,3.1537897763993885,10.681318497216466,0.0,2.3180633349627615,3.1609499547576663,-23.041456157548993,60.5348303899397,0.5819599048582726,0.1781111168326043,3.267397988443478,0.316703185859861,1.00274;1.00002;0.00134,0.24132320857669853,0.18884262897386997,0.00119396138295138,0.031429941174208165,0.9976522897622092,0.8404258399502973,7.503014620592616,0.9714285714285713,0.05093297635033167,3.0107844232880474,contrast,0.10492856387108761,150.0,31.36102104998649,-4.091280528199432,fwhm,1326.7757062201692,1172.068484674393,Barnard b (3.15 d),Barnard's star (GJ 699),UPHELD_INDEPENDENT,3.1533,0.55,0,143.7,3,False
HD10180,269,5048.101777300239,16.349952926819416,131.4897386829991,-24.19638371372021,2.429752280002408,2.4896115957321854,71.00176690887601,16.34944568847489,2.3485486772730972,0.2048297394451577,11.465857856553644,0.9745409981823918,1.00273;1.00000;0.00275,18.09918603990785,0.22979338225847804,0.5301536773916666,0.07412492153781908,0.939361075136594,0.6002436704244456,4.871751076153692,0.9892857142857142,2.7417431535942,6.223365915907552,fwhm,0.10595324912789685,36.47366654963649,26.895981150308053,-2.658141410489013,halpha,31.94526751365396,0.5955594724283875,HD 10180 d,HD 10180,UPHELD_HARPS,16.3579,2.86,0,,5,True
HD47186,144,5029.183664800134,4.084541466246639,109.9745159184923,-19.439226723683486,2.1583624920952498,3.0903541868861057,26.981782743178655,4.0841461430125205,8.340179610203274,0.7960856237368479,10.476485646172382,1.2484192547537456,1.00273;0.99998;0.00280,26.79477244516353,0.13917617545771538,0.4212556714044401,0.06633735227302517,0.9990772458368194,0.890248589956915,1.5906649409931755,1.0,0.0,6.598474779664163,bis,0.16273733994240738,23.22649354446628,20.07727640488257,-1.1394273012002551,halpha,,,HD 47186 b,HD 47186,UPHELD_HARPS,4.0845,9.12,0,,1,True
HD181433,189,5029.029219100252,9.375829228666118,107.42518353724451,-18.880198602044977,2.2764618041732443,2.729474470409965,78.12300988481806,9.375671004881218,2.079161004083974,0.20061907575211751,10.363725365044349,1.0457231647735334,1.00276;0.99997;0.00276,19.490036009254993,0.747781743811609,0.6326659728404029,0.08075416860618057,0.9279643822615793,0.6671362741957771,5.919239973143715,0.9964285714285712,0.0,3.8940693316976502,halpha,0.10620074314828647,27.253643070129485,18.31040549781173,-0.692624318793541,dlw,,,HD 181433 b,HD 181433,UPHELD_HARPS,9.3743,2.94,0,,2,True
GJ163,201,6629.915936599951,25.636774322461033,60.59895259489616,-8.96432982099864,2.303196057420489,2.412644641483457,36.46611319187738,25.6384035954886,2.802781977072417,0.3600602560095783,7.784202589129575,0.7000007241388199,1.00274;1.00000;0.00023,8.367933703217481,0.7441618282331244,1.1235989774716801,0.07990425040075011,0.9625525180363499,0.42002595644334073,6.531430410925668,0.9607142857142855,0.48698111107358955,12.399904266351472,dlw,0.4060156542548407,61.13370398629177,28.516302230216848,-2.974434766255536,halpha,41.71072021257105,23.5589996469312,GJ 163 c,GJ 163,UPHELD_HARPS,25.63058,2.75,0,,2,True
GJ2046,260,5639.7227063002065,4.3115412015157,102.85346713220042,-17.85285986344947,2.4149733479708178,3.1166252105138694,31.287752936738485,4.311892251688136,1.7936123988124302,0.17730117828154415,10.1161899554005,0.8997198968052238,1.00273;1.00000;0.00278,27.400412016373053,0.532374765070124,0.518654489844966,0.07750874070321345,0.558243908846954,0.5137795340077987,8.989869067973363,0.9857142857142854,0.0,2.9988764988165992,crx,0.21110864729226006,27.97507153624714,50.269661031339105,-7.3562865922043645,dlw,501.660000911785,310.68098907086954,HD 40307 b,HD 40307,UPHELD_HARPS,4.3115,1.79,0,,3,True
GJ581,243,2908.971387299709,3.148824129781175,54.299587532877204,-7.7499887394300835,2.385606273598312,2.96559104472916,2.305069436414975,3.1488578567362357,1.6900062362876727,0.22935809658048806,7.368417603232956,0.6637710985151999,1.00279;0.99998;0.00285,10.388456453905043,0.6272537538361794,1.8950862089437308,0.2368031220721582,0.813850980049946,0.06240031912421428,9.528988426461693,0.9428571428571427,8.70676344933186,4.3683624457771435,rhk,0.3298790270680088,137.5846270732005,75.97529367260933,-13.231513040819024,halpha,839.2552674311986,740.7482113308376,GJ 581 e,GJ 581,UPHELD_HARPS,3.1481,1.8,0,130,2,True
HD20794,547,6629.817624626681,18.32665624491776,41.790259870671484,-4.843240865876095,2.737987326333431,2.558418348023243,20.592095716074823,18.335029164463577,0.48454539777185346,0.07503272628890958,6.4577874447229435,0.3796081119825889,1.00273;0.99998;0.00273,5.1430906744095495,0.007290535249075314,0.04019024740795822,0.007867478902744418,0.9157018994038466,0.9433717927873584,9.219361054704716,0.982142857142857,1.1181428494942196,11.587165987477455,bis,0.21123203450273292,121.76245487201277,98.14433764650458,-17.749017587275787,halpha,143.9630333021547,26.094968518419645,HD 20794 b,HD 20794,UPHELD_HARPS,18.314,0.614,0,38.8,2,True
GJ667,263,5571.762736499775,62.066669328823004,15.959970980983133,-0.0031674428809650977,2.419955748489758,1.9531341739424886,-27.868322599180775,307.09372028007675,0.9396856587703668,0.23580275913257354,3.985049463488486,0.34935672638751414,1.00272;1.00002;0.00027,-9.016960956202979,0.6824360318781096,0.04034172238684344,0.062843583257779,0.678485799314549,0.20567028057225342,39.937943829380295,-0.010714285714285713,0.0,10.732229539223706,contrast,0.17641896646597596,42.24389968968003,35.130195256319205,-4.113443011380784,halpha,42.12447539039982,14.65811004677278,GJ 667 C e,GJ 667 C,DISPUTED,62.24,0.92,4,~105,2,False
GJ667,263,5571.762736499775,39.032834889991086,14.69571993063806,-5.975484684618027e-05,2.419955748489758,2.1545625199819765,-29.13257364952585,307.09372028007675,0.8906412616146738,0.23342010427313245,3.8156150447628345,0.33112297994470596,1.00272;1.00002;0.00027,-1.2868260674334486,0.1556973309818586,0.3396050124490253,0.10438352803168532,0.9665534649819794,0.973327662685493,12.596023255307552,0.6857142857142856,0.0,11.011562659580674,halpha,0.17641896646597596,42.24389968968003,35.130195256319205,-4.113443011380784,halpha,10.850445928411895,4.404209065427332,GJ 667 C f,GJ 667 C,DISPUTED,39.026,1.08,4,~105,2,False
GJ2046,260,5639.7227063002065,199.5496838730205,2.788234965525641,0.0,2.4149733479708178,1.451206707021068,-31.150088735743125,35.04106208867358,0.22030983339835938,0.1320017259517741,1.6689920666556135,0.14549518023648614,1.00273;1.00000;0.00278,-4.733303005830143,1.468010054451626,0.8590219192312019,0.3504873834267067,2.9852564390113656e-06,0.003644765978022301,97.31637989945477,0.5464285714285714,12.10347938141625,16.65733778338433,halpha,0.28104361339363315,27.97507153624714,50.269661031339105,-7.3562865922043645,dlw,173.33590311294878,17.64310872796662,HD 40307 g,HD 40307,DISPUTED,197.8,0.95,0,,4,False
