inst,mjd,dp_id
HARPS,59873.27812,ADP.2022-10-22T01:01:51.065
HARPS,60305.15945,ADP.2023-12-28T01:00:47.353
HARPS,60361.10407,ADP.2024-02-22T01:00:38.872
HARPS,60000.03734,ADP.2023-02-26T01:01:15.105
HARPS,59595.33691,ADP.2022-01-17T01:01:04.603
HARPS,60002.15895,ADP.2023-02-28T01:02:17.069
HARPS,59878.34708,ADP.2022-10-27T01:05:33.359
HARPS,59995.22812,ADP.2023-02-21T01:01:25.296
HARPS,59996.20734,ADP.2023-02-22T01:01:22.001
HARPS,59997.16739,ADP.2023-02-23T01:01:36.769
HARPS,59656.10896,ADP.2022-03-19T01:05:23.535
HARPS,59998.19677,ADP.2023-02-24T01:01:17.485
HARPS,60001.08768,ADP.2023-02-27T01:01:03.485
HARPS,60003.11117,ADP.2023-03-01T01:01:30.531
HARPS,59999.23863,ADP.2023-02-25T01:01:19.525
HARPS,60001.17928,ADP.2023-02-27T01:01:03.497
HARPS,60389.05161,ADP.2024-03-21T01:00:35.625
HARPS,59994.23710,ADP.2023-02-20T01:00:50.709
HARPS,60629.32333,ADP.2024-11-16T01:02:11.112
HARPS,59999.13810,ADP.2023-02-25T01:01:19.511
