inst,bjd,rv,err
HARPS,2459873.785539458,-14736.3434470173,0.7931614143139001
HARPS,2460305.669596169,-14730.6086048804,2.8656352386198
HARPS,2460361.614282191,-14738.6960808589,1.6399636731903
HARPS,2459595.845661106,-14746.161784786598,1.0689230457393
HARPS,2460000.5492053055,-14751.8618426459,1.8955050884026998
HARPS,2459878.851280286,-14730.277783237,2.3119410587742
HARPS,2459995.7400947437,-14750.879526839799,0.8359917689319001
HARPS,2460002.670755338,-14755.302860927699,0.807875843136
HARPS,2459996.719288799,-14751.0416554327,1.4908563723386001
HARPS,2459997.6793156755,-14747.9959278762,1.0296314863323999
HARPS,2459656.616676922,-14733.033143000901,1.1662736671552
HARPS,2459998.7086747517,-14748.0631168338,1.0545072871757
HARPS,2460003.622951387,-14756.7474676291,0.8521246642417
HARPS,2460001.59951775,-14752.1928686821,0.9500244851535
HARPS,2459999.7505140267,-14748.1208847977,1.1189658115365
HARPS,2460389.560957669,-14728.5415215411,1.0748852825297
HARPS,2460001.691113355,-14754.187766101,0.9092349389218
HARPS,2459994.749091839,-14750.3991525388,1.3175804760585998
HARPS,2460629.8282374633,-14737.020147789,1.7871474095045
HARPS,2459999.6499852696,-14744.2001072843,0.849455810382
