star,inst,bjd,rv,err,file
GJ902,HARPS,2460262.6709943297,69896.02199655719,0.32437681373800004,HARPS.2023-11-14T03:58:39.374_ccf_K5_A.fits
GJ902,HARPS,2460513.8856278006,69888.85980654579,0.9288375364159001,HARPS.2024-07-22T09:02:27.093_ccf_K5_A.fits
GJ902,HARPS,2460846.9233343843,69883.4098135969,0.7033657799729001,HARPS.2025-06-20T10:02:34.392_ccf_K5_A.fits
GJ902,HARPS,2460846.927175691,69883.9029549418,0.7485897569676,HARPS.2025-06-20T10:08:06.271_ccf_K5_A.fits
GJ902,HARPS,2460232.6189582506,69893.5104611013,0.3689367641884,HARPS.2023-10-15T02:41:34.950_ccf_K5_A.fits
GJ902,HARPS,2460611.5802384233,69885.8857936456,0.4451828808395,HARPS.2024-10-28T01:46:47.307_ccf_K5_A.fits
GJ902,HARPS,2460800.9219109127,69883.6898652239,0.6217959728967,HARPS.2025-05-05T10:03:15.936_ccf_K5_A.fits
GJ902,HARPS,2460800.925755181,69884.5353349091,0.6483142011721,HARPS.2025-05-05T10:08:48.065_ccf_K5_A.fits
GJ902,HARPS,2460671.537869455,69886.1378957858,0.4334388405488,HARPS.2024-12-27T00:49:23.725_ccf_K5_A.fits
GJ902,HARPS,2460296.5352060935,69892.6853304231,0.4061206776005,HARPS.2023-12-18T00:45:09.654_ccf_K5_A.fits
GJ902,HARPS,2460543.741946036,69889.72021195301,1.1410951995079,HARPS.2024-08-21T05:35:50.980_ccf_K5_A.fits
GJ902,HARPS,2460443.925901677,69892.7176404115,0.6607717095578,HARPS.2024-05-13T10:03:27.006_ccf_K5_A.fits
GJ902,HARPS,2460941.667839334,69881.3528196669,0.5774167793505001,HARPS.2025-09-23T03:55:33.633_ccf_K5_A.fits
GJ902,HARPS,2460941.671687308,69881.4444146555,0.53755778222,HARPS.2025-09-23T04:01:06.112_ccf_K5_A.fits
HD58489,HARPS_K5,2459873.785539458,-14736.3434470173,0.7931614143139001,HARPS.2022-10-21T06:40:29.215_ccf_K5_A.fits
HD58489,HARPS_K5,2460305.669596169,-14730.6086048804,2.8656352386198,HARPS.2023-12-27T03:49:36.743_ccf_K5_A.fits
HD58489,HARPS_K5,2460361.614282191,-14738.6960808589,1.6399636731903,HARPS.2024-02-21T02:29:51.517_ccf_K5_A.fits
HD58489,HARPS_K5,2459595.845661106,-14746.161784786598,1.0689230457393,HARPS.2022-01-16T08:05:08.817_ccf_K5_A.fits
HD58489,HARPS_G2,2460000.5492053055,-14751.8618426459,1.8955050884026998,HARPS.2023-02-25T00:53:46.541_ccf_G2_A.fits
HD58489,HARPS_K5,2459878.851280286,-14730.277783237,2.3119410587742,HARPS.2022-10-26T08:19:48.073_ccf_K5_A.fits
HD58489,HARPS_G2,2459995.7400947437,-14750.879526839799,0.8359917689319001,HARPS.2023-02-20T05:28:29.817_ccf_G2_A.fits
HD58489,HARPS_G2,2460002.670755338,-14755.302860927699,0.807875843136,HARPS.2023-02-27T03:48:53.156_ccf_G2_A.fits
HD58489,HARPS_G2,2459996.719288799,-14751.0416554327,1.4908563723386001,HARPS.2023-02-21T04:58:34.011_ccf_G2_A.fits
HD58489,HARPS_G2,2459997.6793156755,-14747.9959278762,1.0296314863323999,HARPS.2023-02-22T04:01:02.185_ccf_G2_A.fits
HD58489,HARPS_K5,2459656.616676922,-14733.033143000901,1.1662736671552,HARPS.2022-03-18T02:36:54.076_ccf_K5_A.fits
HD58489,HARPS_G2,2459998.7086747517,-14748.0631168338,1.0545072871757,HARPS.2023-02-23T04:43:20.865_ccf_G2_A.fits
HD58489,HARPS_G2,2460003.622951387,-14756.7474676291,0.8521246642417,HARPS.2023-02-28T02:40:05.086_ccf_G2_A.fits
HD58489,HARPS_G2,2460001.59951775,-14752.1928686821,0.9500244851535,HARPS.2023-02-26T02:06:15.823_ccf_G2_A.fits
HD58489,HARPS_G2,2459999.7505140267,-14748.1208847977,1.1189658115365,HARPS.2023-02-24T05:43:37.929_ccf_G2_A.fits
HD58489,HARPS_K5,2460389.560957669,-14728.5415215411,1.0748852825297,HARPS.2024-03-20T01:14:19.445_ccf_K5_A.fits
HD58489,HARPS_G2,2460001.691113355,-14754.187766101,0.9092349389218,HARPS.2023-02-26T04:18:09.890_ccf_G2_A.fits
HD58489,HARPS_G2,2459994.749091839,-14750.3991525388,1.3175804760585998,HARPS.2023-02-19T05:41:25.380_ccf_G2_A.fits
HD58489,HARPS_K5,2460629.8282374633,-14737.020147789,1.7871474095045,HARPS.2024-11-15T07:45:35.613_ccf_K5_A.fits
HD58489,HARPS_G2,2459999.6499852696,-14744.2001072843,0.849455810382,HARPS.2023-02-24T03:18:52.028_ccf_G2_A.fits
GJ902,NIRPS,2460296.53524072,69926.0796821134,0.9733540874211001,r.NIRPS.2023-12-18T00:45:14.666_CCF_TELL_CORR_A.fits
GJ902,NIRPS,2460513.88570353,69937.9650209401,1.9459918335866,r.NIRPS.2024-07-22T09:02:35.781_CCF_TELL_CORR_A.fits
GJ902,ESPRESSO,2460489.79087314,69869.13674774929,0.2622876272381,ES_SCCA_3814899_2024-06-28T06:51:09.528_HR_1x1_U1.fits
GJ902,ESPRESSO,2460604.51185809,69862.712486988,0.14773922629050001,ES_SCCA_3987645_2024-10-21T00:12:26.189_HR_1x1_U1.fits
GJ902,ESPRESSO,2460489.79524203,69868.06813642841,0.3342235658895,ES_SCCA_3814899_2024-06-28T06:57:34.974_HR_1x1_U1.fits
GJ902,ESPRESSO,2460825.90783934,69863.2654686838,0.15679291921869998,ESPRESSO_CCF_A_2025-05-30T09:40:56.362.fits
GJ902,NIRPS,2460543.74199976,69931.6243465364,2.281821351323,r.NIRPS.2024-08-21T05:35:57.913_CCF_TELL_CORR_A.fits
GJ902,NIRPS,2460800.92197545,69910.00578179379,1.8953149684633,r.NIRPS.2025-05-05T10:03:21.006_CCF_TELL_CORR_A.fits
GJ902,ESPRESSO,2460217.75474978,69874.3372502922,0.148802089915,ES_SCCA_3732866_2023-09-30T06:00:33.686_HR_1x1_U2.fits
GJ902,ESPRESSO,2460217.75900618,69873.7380233224,0.1537892747355,ES_SCCA_3732866_2023-09-30T06:06:56.296_HR_1x1_U2.fits
GJ902,NIRPS,2460671.53805381,69925.5165846831,0.9864066963261001,r.NIRPS.2024-12-27T00:49:41.731_CCF_TELL_CORR_A.fits
GJ902,NIRPS,2460941.66802228,69906.806280983,1.9810389147222,r.NIRPS.2025-09-23T03:55:49.151_CCF_TELL_CORR_A.fits
GJ902,ESPRESSO,2460591.6310884,69868.3191997784,0.1933418930636,ES_SCCA_3987634_2024-10-08T03:03:11.149_HR_1x1_U1.fits
GJ902,ESPRESSO,2460593.59050691,69866.5149301616,0.3196150126029,ES_SCCA_3987639_2024-10-10T02:04:54.070_HR_1x1_U1.fits
GJ902,NIRPS,2460443.92609466,69946.1081104592,1.5703892301208,r.NIRPS.2024-05-13T10:03:45.579_CCF_TELL_CORR_A.fits
GJ902,ESPRESSO,2460591.63546138,69867.84904964731,0.2341325493169,ES_SCCA_3987634_2024-10-08T03:09:35.299_HR_1x1_U1.fits
GJ902,ESPRESSO,2460593.59522963,69867.74593668559,0.3632464364365,ES_SCCA_3987639_2024-10-10T02:11:18.064_HR_1x1_U1.fits
GJ902,ESPRESSO,2460850.81438146,69861.7435590972,0.1857648507179,ESPRESSO_CCF_A_2025-06-24T07:25:05.930.fits
GJ902,ESPRESSO,2460223.7302637,69873.6088433526,0.1693473252698,ES_SCCA_3732871_2023-10-06T05:25:55.033_HR_1x1_U2.fits
GJ902,ESPRESSO,2460223.73484074,69873.3522356729,0.1898717554527,ES_SCCA_3732871_2023-10-06T05:32:19.030_HR_1x1_U2.fits
GJ902,ESPRESSO,2460603.62923423,69862.0740228206,0.1342350350984,ES_SCCA_3987642_2024-10-20T03:01:17.849_HR_1x1_U1.fits
GJ902,ESPRESSO,2460850.80995948,69861.47606842281,0.1730543890497,ESPRESSO_CCF_A_2025-06-24T07:18:42.303.fits
GJ902,NIRPS,2460846.92720132,69927.1304754524,2.1725058646042,r.NIRPS.2025-06-20T10:08:08.198_CCF_TELL_CORR_A.fits
GJ902,ESPRESSO,2460853.78934203,69861.87646811,0.3039136652914,ESPRESSO_CCF_A_2025-06-27T06:48:37.937.fits
GJ902,ESPRESSO,2460853.78473774,69860.9549425927,0.2743868857287,ESPRESSO_CCF_A_2025-06-27T06:42:13.911.fits
GJ902,ESPRESSO,2460239.56326787,69874.3313626742,0.1854953102921,ES_SCCA_3732874_2023-10-22T01:26:31.043_HR_1x1_U2.fits
GJ902,ESPRESSO,2460239.56771977,69873.9789544099,0.1901613195007,ES_SCCA_3732874_2023-10-22T01:32:53.616_HR_1x1_U2.fits
GJ902,NIRPS,2460262.67107828,69926.10101388399,0.8996747393973,r.NIRPS.2023-11-14T03:58:48.856_CCF_TELL_CORR_A.fits
GJ902,ESPRESSO,2460483.86676729,69866.688070535,0.1988201052781,ES_SCCA_3814896_2024-06-22T08:40:25.683_HR_1x1_U1.fits
GJ902,ESPRESSO,2460861.77051415,69859.96495275821,0.1794606516525,ESPRESSO_CCF_A_2025-07-05T06:21:28.057.fits
GJ902,ESPRESSO,2460483.87112742,69866.5778420041,0.2043611962434,ES_SCCA_3814896_2024-06-22T08:46:51.778_HR_1x1_U1.fits
GJ902,ESPRESSO,2460245.60558653,69874.055703179,0.208718037086,ES_SCCA_3732880_2023-10-28T02:27:38.095_HR_1x1_U1.fits
GJ902,NIRPS,2460800.92558674,69911.4755165836,1.979890530778,r.NIRPS.2025-05-05T10:08:33.107_CCF_TELL_CORR_A.fits
GJ902,ESPRESSO,2460861.76600744,69860.6194216124,0.1882357897495,ESPRESSO_CCF_A_2025-07-05T06:15:04.142.fits
GJ902,NIRPS,2460846.9235901,69927.5399746632,2.0997978654119,r.NIRPS.2025-06-20T10:02:56.096_CCF_TELL_CORR_A.fits
GJ902,NIRPS,2460232.61916272,69939.0543534286,0.9785690162908,r.NIRPS.2023-10-15T02:41:54.425_CCF_TELL_CORR_A.fits
GJ902,NIRPS,2460611.58036934,69916.13774832319,1.065143706825,r.NIRPS.2024-10-28T01:47:00.230_CCF_TELL_CORR_A.fits
GJ902,ESPRESSO,2460852.905851,69861.07497947679,0.559395734892,ESPRESSO_CCF_A_2025-06-26T09:36:37.729.fits
GJ902,ESPRESSO,2460841.83027338,69862.2066104204,0.4136850257327,ESPRESSO_CCF_A_2025-06-15T07:48:33.602.fits
GJ902,NIRPS,2460941.67163324,69905.1722717419,1.8544299464283,r.NIRPS.2025-09-23T04:01:01.253_CCF_TELL_CORR_A.fits
GJ902,ESPRESSO,2460841.83473802,69860.6818778204,0.4290933545773,ESPRESSO_CCF_A_2025-06-15T07:54:57.058.fits
GJ902,ESPRESSO,2460852.9105356,69861.3142937416,0.44549242439979997,ESPRESSO_CCF_A_2025-06-26T09:43:01.607.fits
GJ902,ESPRESSO,2460242.5691037,69874.0542819924,0.1637610833201,ES_SCCA_3732877_2023-10-25T01:35:02.418_HR_1x1_U1.fits
GJ902,ESPRESSO,2460242.57357376,69874.0774190403,0.1604322602853,ES_SCCA_3732877_2023-10-25T01:41:26.301_HR_1x1_U1.fits
GJ902,ESPRESSO,2460472.84900036,69867.603689076,0.1679546319071,ES_SCCA_3814887_2024-06-11T08:15:24.858_HR_1x1_U1.fits
GJ902,ESPRESSO,2460472.85325026,69867.8675778872,0.1721119848721,ES_SCCA_3814887_2024-06-11T08:21:48.964_HR_1x1_U1.fits
GJ902,ESPRESSO,2460604.51636739,69862.6756457359,0.1480061350289,ES_SCCA_3987645_2024-10-21T00:18:49.710_HR_1x1_U1.fits
GJ902,ESPRESSO,2460825.91230286,69863.4981014427,0.1621381130805,ESPRESSO_CCF_A_2025-05-30T09:47:20.419.fits
GJ902,ESPRESSO,2460479.84490585,69869.1997952799,0.15815637552189998,ES_SCCA_3814890_2024-06-18T08:09:13.512_HR_1x1_U1.fits
GJ902,ESPRESSO,2460479.84935584,69869.06443260329,0.1465325928002,ES_SCCA_3814890_2024-06-18T08:15:37.543_HR_1x1_U1.fits
GJ902,ESPRESSO,2460603.63367034,69861.923727897,0.12413144200310001,ES_SCCA_3987642_2024-10-20T03:07:41.711_HR_1x1_U1.fits
GJ902,ESPRESSO,2460245.6099058,69873.77344974369,0.2079986450015,ES_SCCA_3732880_2023-10-28T02:34:01.629_HR_1x1_U1.fits
