star,n,baseline,period,dchi2,dchi2_frame,log10_fap,log10_fap_h0,dchi2_h0,log10_p_single,log_n,log_ncyc,period_at_window_edge,period_offset,jitter_h0_rms,jitter_scale,top_margin,top_period,K,sK,snr_K,K_over_rms,window_peaks,alias_margin,alias_period,half_phase_z,half_amp_z,half_imbalance,block_phase_p,block_amp_p,block_phase_chi2,block_amp_chi2,n_blocks_used,block_phase_rms,growth_rho,apod_gain,ind_max_dchi2,ind_argmax,ind_max_absr,n_indicators,act_period,act_dchi2,act_log10_fap,act_indicator,harm_dist,harm_alias_dist,signal,host,label,P_claim,K_claim,n_clipped,prot_lit,n_known_removed,is_top,window
GJ581,248,2908.971387299709,66.8230172987007,87.78974350736439,104.52141163979849,-14.913917235303767,-12.025309596667983,74.3208233665215,-19.06330058647509,2.3944516808262164,1.6388133678418564,False,-0.014999999999998948,1.920268456525632,0.7818123395229585,34.71475379112907,66.89657386089215,1.713625317329255,0.16771897358954646,10.217241857936468,0.7570203775367317,1.00273;0.99998;0.00285,59.10148796704713,82.21503206820023,0.5878186263440353,0.1717750902928128,0.00887969641147196,0.6575769467505073,0.8445717120596046,1.608001281220097,0.8204414789774378,4,6.906875978880909,0.9928571428571428,0.34742811812604657,19.586855612504063,contrast,0.3986858895571494,8,138.22718757734185,70.26723610148755,-10.878218589457143,halpha,1.4427619847829734,6.521567617680299,GJ 581 d,GJ 581,REFUTED,66.8,2.63,0,130,3,True,0.5
GJ581,248,2908.971387299709,36.333666452506826,10.083783692158477,10.305449377992646,-1.6586432424716855e-14,-7.232455999149659e-16,9.868478666765183,-2.1896658071052126,2.3944516808262164,1.9034302245430377,True,0.4999999999999952,1.920268456525632,0.9721945374628652,-66.78580528447314,66.89657386089215,0.5744943871110543,0.1793806013526405,3.2026561555653834,0.2538499631781867,1.00273;0.99998;0.00285,-1.781066175125014,40.28337733527954,2.304080672057324,0.9210690154218034,0.09815857128561134,0.1293511603828805,0.25776483486591445,5.660442614118879,4.03448063751808,4,49.17447772027863,0.38928571428571423,0.0,17.199797859303654,contrast,0.3986858895571494,8,138.22718757734185,70.26723610148755,-10.878218589457143,halpha,4.116729116277316,2.6004994658542513,GJ 581 g,GJ 581,REFUTED,36.562,1.29,0,130,3,False,0.5
GJ581,248,2908.971387299709,424.4703815035383,2.623354258253812,2.641725029109481,0.0,0.0,2.6051897683511838,-0.5696541392185144,2.3944516808262164,0.8358920578996949,False,0.13500000000000062,1.920268456525632,0.9919129346584684,-72.21238227225467,66.89657386089215,0.3124545385839315,0.19491054000896682,1.6030664045646639,0.1380656233610173,1.00273;0.99998;0.00285,-12.1309783492094,192.60656584581662,1.34967817113822,1.4839896659072094,0.3191743239985275,0.0817673142718271,0.30635812209190677,6.709202394240663,3.6133315437566838,4,77.16159534859113,-0.3857142857142856,2.1379746388367273,18.568213445845476,contrast,0.3986858895571493,8,138.22718757734185,70.26723610148755,-10.878218589457143,halpha,14.191678212942639,5.8916782129426375,GJ 581 f,GJ 581,REFUTED,433.0,1.3,0,130,3,False,0.5
GJ191,217,6592.025330086704,48.70580097548385,15.715096635287068,16.181268534627193,-0.001166660526823525,-0.000286974211879796,15.26414099819329,-3.4124898756407664,2.3364597338485296,2.1314381776941937,False,-0.25000000000000033,1.7646210944804097,0.9589694438406859,-25.83252090994774,150.32879122485528,0.7971038520020761,0.198446305467249,4.0167230633257,0.3611658098355208,1.00277;1.00217;0.00062,-3.465611900388822,50.41943317043361,1.1206636415253353,0.0890330393626969,0.024012261610302288,0.5929082327093482,0.6519445947487554,1.9024032073756398,1.632938127063733,4,22.79994609616916,0.9107142857142855,0.20657545926843923,12.541660050418265,bis,0.3697505415822071,8,111.80480274694645,64.66399010633872,-9.340176462230012,halpha,17.423488061785182,0.6244936769874584,Kapteyn b,Kapteyn's star (GJ 191),REFUTED,48.616,2.25,0,143; 124.7,0,False,0.5
GJ191,217,6592.025330086704,122.64804416630028,32.58147816835151,34.657047442341316,-2.7329557781948983,-2.3249133014317387,30.644819589920292,-7.074978090383164,2.3364597338485296,1.7303582404576703,False,-0.4899999999999951,1.7646210944804097,0.9155985624147519,-10.221877620943069,150.32879122485528,1.1582211112144907,0.19829886629484597,5.840785340105569,0.5247608777073745,1.00277;1.00217;0.00062,5.2019776048747595,92.46063689822338,3.42722160112189,3.568485102941378,0.33171950724221505,0.010583129729598472,0.0011689705859059564,11.222189440255907,15.935625284702038,4,73.33647003787246,0.2285714285714285,0.9683401157386058,22.896087684100042,halpha,0.36973201263029914,8,111.80480274694645,64.66399010633872,-9.340176462230012,halpha,5.212630105372636,1.1126301053726333,Kapteyn c,Kapteyn's star (GJ 191),REFUTED,121.54,2.27,0,124.7,0,False,0.5
HD41248,163,5174.8386650998145,18.368402874339193,17.57283038138803,18.658757689254564,-0.164828024485965,-0.07227861697497677,16.572606907415047,-3.8158916330293184,2.2121876044039577,2.449825418221674,False,-0.1749999999999919,2.0843619826148942,0.9363740426017747,-40.32376720713263,25.61594058538202,1.4756757258380029,0.3416255773605317,4.319570382403367,0.4708000733675988,1.00276;0.99997;0.00064,-4.771212111190099,19.348295405132518,0.0890167070538596,1.2870679712906488,0.26639876894567205,0.495906551423673,0.027552726421269786,2.3878167970012276,9.134686891228174,4,59.08993982314251,0.010714285714285713,1.246674785188521,4.251725835707066,rhk,0.31767021940987145,8,25.729568280852423,34.22876742170979,-3.1521654147375107,dlw,80.6008265633607,54.71318761541868,HD 41248 b,HD 41248,REFUTED,18.357,2.93,0,~25,0,False,0.5
HD41248,163,5174.8386650998145,25.619430103080134,65.09478561039509,82.40842264291422,-9.991305868230945,-7.2424530771658135,52.332574963022836,-14.135153095634893,2.2121876044039577,2.3053273496694833,False,0.2249999999999742,2.0843619826148942,0.7753199588307317,33.22541659125493,25.61594058538202,2.5729309701724157,0.28565323745116394,9.007182950665108,0.8208438641056296,1.00276;0.99997;0.00064,34.35819402731948,23.89599180640835,0.1496806719386735,2.792418959751499,0.34519403078905153,0.965913660191623,0.013797986919634811,0.26809046065554176,10.646712233756645,4,3.137668898015247,0.9785714285714284,5.832242599967842,31.66932303505279,dlw,0.31766994625844003,8,25.729568280852423,34.22876742170979,-3.1521654147375107,dlw,0.8646348521284639,2.435365147871553,HD 41248 c,HD 41248,REFUTED,25.648,1.84,0,~25,0,True,0.5
HD26965,86,4535.682201491203,42.38,32.321210085092616,39.012820563826416,-2.727937660939181,-1.629363352596723,27.068740880699327,-7.018461594195728,1.9344984512435677,2.029481665164875,False,0.0,1.7402511985028708,0.8102384029817797,8.575848317999846,42.36130011774526,1.54799798516128,0.24810916030017888,6.239181105963237,0.7579217223173048,1.00274;1.00000;0.00276,17.811897771799398,37.9319722793591,0.4279466298191793,2.1949548098664504,0.2964754301180166,0.508773743085265,0.0040360200634495256,2.31961431317917,13.297216064969302,4,18.334578277281285,-0.075,5.958296875995607,12.162231353796406,rhk,0.43508803070214974,8,,0.0,0.0,,,,HD 26965 b,HD 26965 (omicron2 Eri),REFUTED,42.38,1.81,0,~42,0,True,0.5
GJ699,213,4568.595374800265,227.4681405900234,40.57935801060387,45.65667175370538,-4.563628100940107,-3.6572097294022776,36.30689401667182,-8.811695631590888,2.3283796034387376,1.3028621182072393,False,0.4599999999999995,1.4873431710686547,0.8566024008719713,-0.9908569872653956,387.042575463862,1.1908680323144232,0.17795701224242627,6.691885963404095,0.6717509333129142,1.00274;1.00007;1.00138,35.793438174939155,33.81072430047581,1.2972249376705753,2.0912257264969227,0.4418655128363655,0.18913719055056727,0.000786713401145256,4.773709972593871,16.77355506961365,4,93.21263494341144,0.7535714285714286,10.683575647958236,20.647041515539453,nad1,0.19015360252004126,8,73.8741180604602,36.05509558362178,-3.3343321419191296,halpha,41.758426294962135,10.737158497187957,Barnard b (233 d),Barnard's star (GJ 699),REFUTED,232.8,1.2,0,143.7,4,False,0.5
HD204961,180,5864.021685400046,35.71476939316567,13.579265042735472,14.005889173187638,-4.616458993384207e-09,-9.619865617347717e-11,13.165316640042036,-2.94869993818087,2.255272505103306,2.215347717403518,False,-0.15999999999999623,1.6611939769076005,0.9520592115646689,-19.499436803573026,35.171177966495854,0.8426041021609225,0.2251707393814785,3.742067483881217,0.41685957087764564,1.00271;1.00001;0.00026,-1.1437337553503824,39.45234506760388,0.1762368710407848,1.6252039672484329,0.2794992792105886,0.002483658959768667,0.00022240009006708588,14.334324536692058,19.433417958793758,4,76.08759923787086,0.035714285714285705,7.078283323870986,49.906324544040594,nad1,0.3097425101438081,8,35.470710376344755,50.41649368988234,-6.223690446519126,dlw,1.1297248675821407,0.370275132417852,GJ 832 c,GJ 832,REFUTED,35.68,1.79,0,37.5,1,False,0.5
GJ388,124,6293.824979300145,2.225475187279063,178.314531435934,397.458094608143,-33.94770406537374,-15.91123457388911,94.61229471948211,-38.720508522895024,2.093421685162235,3.451491905224037,False,0.39999999999998964,20.219292007091514,0.48337090717334463,-46.46682175150357,2.229017037736518,23.809842999947993,1.1952099948603323,19.921054126333942,1.237679698653917,1.00274;0.00037;0.99998,-3.190682342684056,2.2272865775493793,0.4582583017426182,1.4723975277328398,0.20042465297057366,0.6565033132828451,0.2797229122768152,1.6127455675032045,3.836030425062233,4,3.8428614895242803,0.9892857142857142,0.0,64.03804906120774,crx,0.8219851196189359,8,9.750776197559205,26.343370123666894,-1.0389969520422668,fwhm,,,AD Leo b,AD Leo (GJ 388),REFUTED,2.22579,19.11,0,2.23,0,False,0.5
GJ559B,305,5101.966374936514,3.2359770574669398,4.134939389786496,4.1638379466201085,0.0,0.0,4.106198510442589,-0.8978906799943371,2.484299839346786,3.197732158141935,False,-0.13499999999988832,13.775143458520251,0.9931122276365771,-23.40163188932145,174.70134651500675,0.6868661487740105,0.3366350066735997,2.040388358778129,0.10394289952982802,1.00273;1.00003;0.00269,-0.93413696207051,3.208806866810858,0.299250580389106,1.4448374511269628,0.45489527558928844,0.7952557264592214,0.5405404993544913,1.0247820623378472,2.156634258404144,4,24.264735001108505,0.9714285714285713,4.25569524463107,7.297663815733474,bis,0.8164881119033396,7,38.79532276946569,51.045512772276034,-6.897485817486963,fwhm,1050.5992840649199,877.8304180278585,alpha Cen Bb,alpha Cen B (GJ 559 B),REFUTED,3.2357,0.51,2,,0,False,0.5
HD285968,106,5162.845444099978,10.234363410537568,7.54762282307621,7.8127546001609725,0.0,0.0,7.2939649971994,-1.6389454717745207,2.0253058652647704,2.7028282899113942,False,0.12500000000001998,4.557946569252379,0.9632104172500572,-23.775949306798214,40.2323603977161,1.6589974466004858,0.5951489875276376,2.7875330066380144,0.3693731727557084,1.00272;0.99974;0.00300,-2.281769650980592,15.641129003967523,1.2490448016904487,1.7080503851334643,0.3997085372785033,0.5187903971810692,0.01934752129828978,2.2674235652022223,9.909926003222287,4,56.76435732589922,-0.6178571428571428,2.8424085514009345,10.161325672351422,bis,0.2324896884732149,8,39.09344379443407,34.733187446776284,-3.002425001912254,halpha,23.79510339401172,8.295103394011747,"GJ 176 b (HET, 10.24 d)",GJ 176,REFUTED,10.2369,11.62,0,39,1,False,0.5
GJ667,263,5571.762736499775,90.91491429784271,22.45241366834648,23.44617375714354,-0.6924406527580071,-0.5237582170104319,21.513852426462318,-4.875479680786012,2.419955748489758,1.7873574808234636,False,0.46500000000000197,2.372035615647079,0.945889088842828,-24.28554290401221,307.09372028007675,1.0366378302330617,0.21414055197171744,4.840922565521244,0.3854004878755049,1.00272;1.00002;0.00027,-0.08240076220392467,73.03387105037315,0.6697229090721543,1.4838090934123411,0.309469851642785,0.12651306391496514,0.31576493505839015,5.71165968048126,3.5387977505905206,4,25.702033857318927,0.7464285714285712,0.0,49.48921839043349,nad1,0.08151528383784251,8,42.1755565067036,35.29006089566141,-3.0244599152068736,halpha,70.82334936091992,4.716607656905875,GJ 667 C d,GJ 667 C,REFUTED,91.61,1.52,4,~105,2,False,0.5
HD20794,546,6629.817624626681,40.23572399935367,16.03611073293837,16.288281668200575,-0.013548385211617813,-0.00878059990625705,15.789321922196441,-3.482197201252322,2.7371926427047373,2.2168897614387797,True,-0.4999999999999921,1.1059131458052305,0.9835982649375059,-7.0367188455729135,252.47180936434336,0.2984091750740861,0.07396157074620455,4.034651671988719,0.2441053120764474,1.00273;0.99998;0.00273,3.071697992574329,45.324971572603005,1.4771212850546693,0.07853128474153355,0.008982704559025834,0.39949144896631095,0.356892448621341,2.94940782835332,3.2342970956993122,4,25.418708751197038,0.05714285714285713,0.5766851985361434,11.86008928031195,halpha,0.23608426054158646,8,121.87369041223522,92.29288439374363,-15.3677904738186,halpha,1.5771441818951775,5.333289310322896,HD 20794 c (40 d; Pepe+2011),HD 20794,REFUTED,40.114,0.56,0,38.8,3,False,0.5
HD85512,580,6553.032554084435,58.17066115928126,23.58691285258942,24.060381130549207,-1.1530387177887196,-1.0608182525222445,23.126730135223042,-5.121833048506237,2.7634279935629373,2.0517383254905517,True,0.49999999999999095,1.068957870400309,0.9727710102866018,-13.24818456838992,49.98268042502741,0.3385636206464853,0.06909642615959107,4.899871664339188,0.2725480186685512,1.00276;1.00001;0.00273,-13.197273049513509,49.987633387232975,0.8051889872555487,5.938090916068631,0.478535874405314,0.6047926419969647,1.675866701311248e-07,1.8468530615975416,34.3442630388936,4,93.80435197081061,-0.15714285714285714,22.552056529739,16.139499670726416,dlw,0.1948023861080259,8,51.59252179937691,55.844388029968485,-7.639297367625044,dlw,14.36331347922913,3.5366865207708593,HD 85512 b,HD 85512,REFUTED,58.43,0.769,2,51.2,0,False,0.5
HD10700,507,6627.872109156568,13.958382644935526,4.375530312378942,4.399371394106233,0.0,0.0,4.351862823358786,-0.950134335033293,2.705007959333336,2.676539020133923,False,0.22500000000001583,1.151469677701745,0.9945896804666148,-15.301846371727692,179.5081076856982,0.156203852555511,0.07447314802126252,2.097451990493458,0.12120903320781115,1.00272;1.00000;0.00273,-6.865492696600117,26.417437432487887,0.08052740711439381,0.422459453642413,0.20729618738743893,0.7673273803424839,0.6246373006684425,1.1404166321436073,1.7556313848435743,4,33.74599453134203,0.6249999999999999,0.1784792671043114,9.701581460317174,nad1,0.24347293234669146,8,121.85971746399703,66.26823977978853,-9.784238616698142,halpha,257.2735090633109,32.832604442120754,tau Ceti b (13.97 d; Tuomi+2013),tau Ceti (HD 10700),REFUTED,13.965,0.64,0,,3,False,0.5
HD136352,217,4816.812437699642,11.57752816334695,117.68348797398909,155.83016490709502,-21.306618178840814,-15.567830628097044,91.0182017930383,-25.554644719115576,2.3364597338485296,2.6191438894846786,False,0.1750000000000304,1.4701893798358412,0.7324533258590525,124.08254270523042,11.579795805037408,1.5144333290070076,0.12188588490600374,12.425009919523594,0.8961100664985862,1.00276;0.99998;0.00276,124.19297596779042,11.958369388171832,1.4572395318369102,0.6511781674329622,0.04248887655723804,0.032693902557984725,0.3281449382721752,8.757574302090752,3.443645946480009,4,16.1083518746637,1.0,0.0,3.0808837273666128,contrast,0.2599111546647701,8,124.03576052175843,28.472730541541203,-1.957782829514719,dlw,,,HD 136352 b,HD 136352 (nu2 Lupi),UPHELD_INDEPENDENT,11.5824,1.59,0,,2,True,0.5
HD136352,217,4816.812437699642,27.58052068029575,180.5687364663462,283.22959105280165,-34.883486742726056,-22.305950233667346,122.2725107043235,-39.21000292578832,2.3364597338485296,2.242157274842884,False,0.009999999999996009,2.5115937894269385,0.62847213971306,218.91079811018872,27.582388220690248,2.275677509524848,0.13560941688218942,16.781117136591195,1.0905624101679638,1.00276;0.99998;0.00276,218.66174027026153,25.635599185070216,0.2699908214278283,0.5908255728725931,0.011245530627828904,0.5348432749089553,0.14833076457337235,2.185332053864992,5.343088313258397,4,4.820744387434254,0.9964285714285712,6.30008174560561,7.330214803262533,rhk,0.23833976807977797,8,124.03576052175843,28.472730541541203,-1.957782829514719,dlw,,,HD 136352 c,HD 136352 (nu2 Lupi),UPHELD_INDEPENDENT,27.5821,2.65,0,,2,True,0.5
HD136352,217,4816.812437699642,106.87018150879268,83.31036625938668,102.38016083193455,-13.900406480898026,-10.770786842342183,68.73980615542104,-18.090616175895246,2.3364597338485296,1.6539031886123428,False,0.3050000000000036,1.136179966182437,0.7938188617117387,69.92748217283952,107.11892975594293,1.2742861206301206,0.12618571450566066,10.098497485410336,0.834056631293598,1.00276;0.99998;0.00276,91.63636528104826,82.87470757618651,0.7347687213040929,0.863470951134557,0.10698063827194926,0.20636783317333385,0.25593941257592906,4.567270443752825,4.051661252685263,4,11.590419374601284,0.9964285714285712,8.002530758489414,4.653254063208792,halpha,0.2177851872161017,8,124.03576052175843,28.472730541541203,-1.957782829514719,dlw,,,HD 136352 d,HD 136352 (nu2 Lupi),UPHELD_INDEPENDENT,107.5983,1.35,0,,2,True,0.5
HD39091,209,6183.883375557605,6.267836470062864,31.797746029051837,34.252343689161755,-2.8777035546504237,-2.414139049598188,29.563775456931733,-6.904792818689125,2.3201462861110542,2.994143633389309,False,0.009999999999962993,3.1412593498413948,0.9145553571001115,8.326906125742585,6.267230648702373,1.1184086542782488,0.19118149780748242,5.849983743743202,0.4378094729195726,1.00272;0.00024;0.00053,10.33675578492388,6.247888432093617,0.39510514448979434,1.1224129339650932,0.24598154012542423,0.5061286810377461,0.1944894858520587,2.333525879919168,4.707772055960943,4,15.14555915376035,0.9714285714285713,0.0,5.324407044969187,rhk,0.1652678767769627,8,196.81725474444772,36.42799268284152,-3.4263739290992428,halpha,860.9280624075775,651.5220334402038,pi Men c,pi Men (HD 39091),UPHELD_INDEPENDENT,6.2679,1.58,0,,2,True,0.5
GJ357,53,3349.9641888001934,3.9305355223910725,9.829859411777988,10.893681985606719,-9.643274665532872e-17,0.0,8.909845573746896,-2.1345268502099626,1.724275869600789,2.9305884388576082,False,0.0399999999999997,1.756260963334493,0.8629224782722883,-11.749197222038244,4.65682478430077,1.3176077907729982,0.4003761322184561,3.2909249197054424,0.634455148714066,1.00273;0.99998;0.00278,-6.272827666270203,4.535242747805454,0.38158368033486784,0.47177323929415893,0.21170707898714547,0.22543321151785348,0.763475055322524,4.356708807432694,1.156417383239344,4,38.30608869097859,0.7142857142857142,1.1002930315412662,4.285102912009038,fwhm,0.3435074075293114,8,72.82559192737614,25.098968447778333,-1.2614884591754598,halpha,,,GJ 357 b,GJ 357,UPHELD_INDEPENDENT,3.93072,1.52,0,78,2,False,0.5
GJ1132,120,745.0673962999135,1.6282714247700978,15.44462260576637,16.471562135984,-0.2529434469727196,-0.1431088148677359,14.501760813388278,-3.353757186381278,2.0791812460476247,2.6604687580249204,False,0.1849999999999726,4.781898728136029,0.9268101746492877,-1.5593562347607488,1.2442187655598451,2.6338972476533145,0.6493877610072729,4.0559699547891785,0.506873246620776,1.00273;0.99978;0.00309,3.5057613587674403,2.5725850058639455,0.0299511361942228,0.6234719102419556,0.15543299423058976,0.9656456429060843,0.7952566863387475,0.2695725994099115,1.0247780948144911,4,6.953894083987569,0.9571428571428571,1.6803022262456047,3.694833702655738,bis,0.1399791254461562,7,,0.0,0.0,,,,GJ 1132 b,GJ 1132,UPHELD_INDEPENDENT,1.62893,2.76,0,,1,False,0.5
HD15337,116,5750.051063199993,4.756209011415484,62.588256666870905,82.57670299276974,-9.155890673528688,-6.151943054747875,48.510562304705076,-13.590867251183223,2.0644579892269186,3.0824107700294845,False,-0.01500000000006091,2.9571039580225036,0.7305100676707005,19.584890660223472,4.7566942595471575,2.80257671730696,0.3087809428638293,9.076261932857951,0.8860060467702844,1.00276;0.99997;0.00280,17.169234388275513,1.2618219643065562,0.7111610740278375,0.25553890061539614,0.0010936329980667514,0.7648397779524878,0.4642673914623249,1.1507470646203841,2.5615660336550703,4,6.583326101312301,1.0,0.0,6.471493579180121,halpha,0.3627532372423905,8,36.56624309858856,26.869102545213032,-1.3135261033877206,fwhm,,,HD 15337 b,HD 15337 (TOI-402),UPHELD_INDEPENDENT,4.75615,3.08,0,,1,True,0.5
HD15337,116,5750.051063199993,17.168141962057746,29.397928887044998,34.16114684737593,-2.117374241473381,-1.3212942282932527,25.55694811743603,-6.383679147513924,2.0644579892269186,2.5249484056644955,False,0.20000000000000084,2.4431332249651745,0.849185338588723,1.1585706752480576,17.172870013130687,1.8089103130076578,0.3099232967676342,5.836638716333393,0.6909167239390295,1.00276;0.99997;0.00280,11.30746093498598,16.394726487809777,0.12995318781021334,0.8623533149148411,0.10344565056355903,0.8442696050056386,0.03713646820046179,0.8217014302372608,8.475817597929161,4,9.971234992919937,0.7035714285714285,5.388020379576972,8.069073704417354,bis,0.35888709087309995,8,36.56624309858856,26.869102545213032,-1.3135261033877206,fwhm,,,HD 15337 c,HD 15337 (TOI-402),UPHELD_INDEPENDENT,17.1784,2.16,0,,1,True,0.5
GJ551,229,5575.937263899948,11.1936349639936,24.10047610707602,26.02627974019956,-1.1012979932690816,-0.7692050780084924,22.402727207336792,-5.23335189227214,2.359835482339888,2.697346738764755,False,-0.34000000000000785,2.6250870795789023,0.9129252840327902,-3.2915363174119747,160.14275936368313,1.205029589521451,0.23623492284336328,5.1009798848430705,0.3050288367354515,1.00272;1.00085;0.00185,14.591807871151074,10.850222734463603,0.505968055533951,0.37551655850382093,0.2539031575034106,0.404134707022621,0.6728283237474983,2.9199372822816003,1.541052637053923,4,29.069642538678274,0.8607142857142854,0.11840215910860863,4.8274729714002556,contrast,0.5350528254158043,8,114.66118097628136,50.08047139270555,-6.314232007907558,dlw,303.6158894350308,114.79685626573132,Proxima b,Proxima Cen (GJ 551),UPHELD_INDEPENDENT,11.186,1.38,0,83,1,False,0.5
GJ551,229,5575.937263899948,5.124353589884997,4.100186621780836,4.152783289659092,0.0,0.0,4.048726819803623,-0.8903442123064761,2.359835482339888,3.0366787895445326,True,-0.4999999999999796,2.584450680363371,0.984143101693308,-29.045920513585124,160.14275936368313,0.49161781454974746,0.24146701033643958,2.0359626512324356,0.12028127579394053,1.00272;1.00085;0.00185,-2.876759219147739,5.194848775990758,0.36694871393191186,1.2273816002951676,0.4858291298179411,0.2737352223123084,0.5993442654447227,3.8887072869894013,1.8722306011860506,4,62.304202144505894,0.3,0.8361454619345476,4.541793536095752,nad1,0.5731516946028783,8,114.66118097628136,50.08047139270555,-6.314232007907558,dlw,893.606257435775,704.7872242664755,Proxima d,Proxima Cen (GJ 551),UPHELD_INDEPENDENT,5.122,0.39,0,83,1,False,0.5
GJ581,248,2908.971387299709,5.3686,561.7045508983829,2164.418315630162,-117.42012723250237,-43.85222123804762,221.98365005966923,-121.97259345755596,2.3944516808262164,2.733878402488376,False,0.0,8.969292681887824,0.2987429554914694,306.4116660854902,5.368909291565966,11.98260999962306,0.2575723465271602,46.52133725217094,1.3254614261197322,1.00273;0.99998;0.00285,306.3849945486543,1.2247522706038234,0.2162261183008394,0.9868863336789,0.02143402372463854,0.9442316803178991,0.4251970928317398,0.3805439229988438,2.789707238663151,4,0.7931460839467053,1.0,0.0,6.6791914982108125,crx,0.08118484519623094,8,138.22718757734185,70.26723610148755,-10.878218589457143,halpha,457.66972981830736,359.1626737179462,GJ 581 b,GJ 581,UPHELD_INDEPENDENT,5.3686,12.3,0,130,2,True,0.5
GJ581,248,2908.971387299709,12.914503165609709,176.22471633615487,258.63086729194794,-33.96599342425463,-23.05829128943992,125.65489741152693,-38.26671093987895,2.3944516808262164,2.352661746469354,False,0.11499999999998185,2.9529172766527556,0.6450548615204871,170.09731088849662,12.92007506057929,3.172615344344,0.19742271985861945,16.070163285238944,0.9971884854837516,1.00273;0.99998;0.00285,166.97405325553456,12.465448905192373,0.07938620234037704,2.9378809522109495,0.18542426898739106,0.7921732730187008,0.020925269368215437,1.0375240832978958,9.73846266568442,4,4.524695185679718,0.9964285714285712,8.053991534770546,6.756100613254627,bis,0.2644977115755149,8,138.22718757734185,70.26723610148755,-10.878218589457143,halpha,141.06898870459503,42.56193260423386,GJ 581 c,GJ 581,UPHELD_INDEPENDENT,12.9211,3.1,0,130,2,True,0.5
GJ436,135,5169.84565489972,2.6438836471502456,376.43094418003875,2083.370223724352,-76.93066173782063,-22.90259431873462,126.607637233981,-81.74094093751091,2.130333768495006,3.2912352388114536,False,0.15999999999985684,12.237355006907404,0.22562594504519481,35.999415827850726,2.6439629277083103,16.61476069840159,0.3647561707155039,45.55032109754348,1.3317183664458163,1.00276;0.99997;0.00277,21.41343115171412,1.6012645248890183,0.2233433114476123,0.31976614915073726,0.008238684350492076,0.6158562489926036,0.9880099657973732,1.7957682305973843,0.1299920197819628,4,1.8379773303511537,1.0,0.0,7.128736745935674,crx,0.2279579799176333,8,190.77464503905227,32.16332342900003,-2.341654637534715,halpha,1847.0014118139682,1671.933936698598,GJ 436 b,GJ 436,UPHELD_INDEPENDENT,2.6441,18.1,0,,0,True,0.5
GJ876,248,5730.20439490024,60.995737889755965,296.8379722666382,572.8348791008424,-59.891754316736844,-33.1341181576213,173.07506612565402,-64.45754668737573,2.3944516808262164,1.9728706239062281,False,-0.22500000000000228,153.57781183160844,0.5496211085656547,338.68046757495347,61.09367496370448,160.1743970171503,6.729422983928698,23.802099734209165,1.2435526557524545,1.00274;1.00002;0.00274,337.16180985931135,73.2707463962176,1.531731934173528,2.5914149256657715,0.1039588535854511,0.10795037451495196,0.0011680287144270295,6.076429986099874,15.937333127405784,4,5.464814063760159,0.982142857142857,1.135143206144221,4.666020247654366,bis,0.17277479020806844,8,107.30514478985826,31.800998476213962,-2.549013012001825,fwhm,12.857703030345764,2.830741582659692,GJ 876 b,GJ 876,UPHELD_INDEPENDENT,60.85,239.0,0,,3,True,0.5
HD1461,266,6507.072104800027,5.772059938009578,152.80050821318218,207.43820975765712,-28.71940003101574,-20.755867093146804,115.8544072773164,-33.180208774498766,2.424881636631067,3.0520547869438337,False,-0.12500000000001787,3.0312295963943994,0.7231490563497049,34.34034773332104,5.77201992679511,2.341161303517702,0.1626704022334311,14.392054555555527,0.8573630840416454,1.00274;1.00000;0.00275,30.560170369541964,1.2055607238716564,0.3601966559534131,1.1174750474669592,0.08371853322137679,0.7388551600419195,0.5908317822478448,1.2591509947020088,1.912183827858707,4,4.940649802906659,0.9964285714285712,0.9445258967577104,5.186820698107026,halpha,0.2853468267604602,8,14.395051080200831,20.00380425902401,-0.14405394336477295,fwhm,,,HD 1461 b,HD 1461,UPHELD_INDEPENDENT,5.77142,2.32,0,,1,True,0.5
HD1461,266,6507.072104800027,13.501697212604629,56.332069516547904,62.44109300457799,-8.018396124040697,-6.879513452781016,50.98597909447144,-12.232353472613568,2.424881636631067,2.682997254845715,False,0.12500000000001787,3.1003397708238043,0.8880280798060287,18.672758945846923,13.4997534470077,1.308407416657512,0.16575647137227104,7.893552546247023,0.5436436599120374,1.00274;1.00000;0.00275,18.393360587137195,14.02146417775693,0.2844991670986894,0.5079869403058352,0.1102511148171681,0.6020748071756983,0.8436123661922384,1.8594936333200491,0.8244418819359259,4,9.155700190264595,0.9928571428571428,0.0,5.228910000424251,fwhm,0.3045741503719128,8,14.395051080200831,20.00380425902401,-0.14405394336477295,fwhm,,,HD 1461 c,HD 1461,UPHELD_INDEPENDENT,13.5052,1.49,0,,1,True,0.5
GJ785,402,4717.130962176714,74.34310383757565,224.86925657651227,304.5353446856302,-44.37422468634814,-32.759230918674774,171.112608530222,-48.82973864043289,2.60422605308447,1.8024372447653068,False,0.040000000000006065,2.493171092341191,0.7393079526283541,144.51938168590337,74.36251040174444,2.2237031515558083,0.12760459645057518,17.426512942401025,0.9259126709495128,1.00275;0.99999;0.00278,142.3148226491546,61.810817575483405,2.749404489867205,1.800271031795128,0.13800069133634785,0.01062251435988788,0.02906940134179906,11.214145855186905,9.016720581319534,4,10.829332695696632,0.982142857142857,7.684136418846322,19.493012116930355,rhk,0.24107820135366737,8,48.33836460203374,51.608870871296766,-6.851354262671062,fwhm,34.13483397237449,1.2993650155107908,HD 192310 b,HD 192310 (GJ 785),UPHELD_INDEPENDENT,74.39,4.07,0,,1,True,0.5
HD285968,106,5162.845444099978,8.77613453776986,44.412001584977986,55.71545801602889,-5.227658151146197,-3.456031158684964,36.04464998991,-9.643943609317207,2.0253058652647704,2.769585851787901,True,0.5000000000000083,4.60612244232454,0.7944723502644232,18.435345558981894,8.775488686046641,3.8490869242173416,0.517526237038425,7.437472052130096,0.8069937720715348,1.00272;0.99974;0.00300,19.931700329622814,8.550837996370392,0.007492240506496941,0.12588971616585862,0.05894189327559152,0.8107254889652857,0.9705532236334032,0.9608433342292335,0.24192468815674667,4,8.188795900443532,0.9964285714285712,0.0,12.185555389801436,bis,0.2796329556578287,8,39.09344379443407,34.733187446776284,-3.002425001912254,halpha,60.02548604718465,17.25928763343858,GJ 176 b,GJ 176,UPHELD_INDEPENDENT,8.7836,4.12,0,39,0,True,0.5
GJ699,213,4568.595374800265,3.1540946029531787,10.970489593509114,11.25707203979238,0.0,0.0,10.693441143944812,-2.382211547119028,2.3283796034387376,3.160907980465688,False,-0.3649999999999179,1.5526237489851198,0.9652313044153298,-26.795934673493893,226.87352131731143,0.580524278135029,0.17303332419111578,3.3549854101735823,0.31789159912740816,1.00274;1.00007;1.00138,4.5086054027178175,1.458432155399207,0.4941686856117879,0.04616401579947253,0.01991569068991822,0.7898089795517502,0.28732152578929343,1.0472993653561775,3.770624564781876,4,15.971097761504968,0.9642857142857141,0.4368955533864014,7.01533509230556,rhk,0.16257036229609648,8,73.8741180604602,36.05509558362178,-3.3343321419191296,halpha,1201.0930087188387,1046.3857871730625,Barnard b (3.15 d),Barnard's star (GJ 699),UPHELD_INDEPENDENT,3.1533,0.55,0,143.7,3,False,0.5
HD10180,269,5048.101777300239,16.349952926819416,180.1263033866693,255.72317297186748,-34.689393480713896,-24.19636459210848,131.48973868299916,-39.11392980323075,2.429752280002408,2.4896115957321854,False,0.15000000000000774,2.501041446539825,0.6657692438099423,136.24109442202712,16.34944568847489,2.352365527924446,0.14711802011404965,15.989649168068143,0.9761190309011833,1.00273;1.00000;0.00275,135.91013165705198,15.659135070311327,0.29325128261023997,0.7680411726238123,0.07726402671903326,0.6607535467181798,0.1607137930648381,1.593988972446714,5.156148843596089,4,4.840149621225507,0.9892857142857142,5.025554324298469,5.098617491665877,halpha,0.19002249878722013,8,36.45088618626854,26.68589207069962,-1.4890800934600428,halpha,,,HD 10180 d,HD 10180,UPHELD_HARPS,16.3579,2.86,0,,5,True,0.5
HD47186,147,5029.183664800134,4.084533172929956,217.16410804449356,496.85604796031794,-42.568903431686486,-20.189003005854165,113.45680198032358,-47.156586895582564,2.167317334748176,3.0903550686852888,False,-0.009999999999942673,6.216367179322934,0.46477621554952164,79.11075024143884,4.0841461430125205,8.43945897544616,0.37901576560882394,22.266775530800448,1.2536268666454062,1.00277;0.99994;0.00280,79.10855852574491,1.3193983541271193,0.32944339715355725,0.8553926518147803,0.07443142731945895,0.9178285207635429,0.18649493848432533,0.5048322105317279,4.806905678658646,4,1.7725776317385797,1.0,0.0,6.354667370536317,halpha,0.19879305426781307,8,23.213839908485138,20.856894070950613,-0.2014014399983517,halpha,,,HD 47186 b,HD 47186,UPHELD_HARPS,4.0845,9.12,0,,1,True,0.5
HD181433,189,5029.029219100252,9.376047730633728,160.02181900228925,253.02032201253905,-30.226427409397562,-18.878179292733755,107.41586903915113,-34.74829648840757,2.2764618041732443,2.729464349375252,False,-0.10000000000001136,1.5284918957913294,0.5407466256001818,188.19734943727485,9.375671004881218,2.1027253430978625,0.1321932452301096,15.906450737612465,1.057567227744614,1.00276;0.99997;0.00276,186.62270759551774,9.140866793174096,1.0899681883677885,1.247775220731819,0.10140434574070156,0.5427928900793995,0.10430690273469406,2.145349394939003,6.155021610998068,4,6.289330946311562,0.9964285714285712,0.34084237763551073,3.7182486799681054,halpha,0.11936844885963799,8,23.213209756766943,28.417265923722034,-1.7784237709304604,fwhm,,,HD 181433 b,HD 181433,UPHELD_HARPS,9.3743,2.94,0,,2,True,0.5
GJ163,201,6629.915936599951,25.636030845684402,71.61764528890615,85.34261592343701,-11.315895290018128,-8.963134831148793,60.59348704926189,-15.551574077938177,2.303196057420489,2.4126572363809067,False,-0.054999999999983645,4.931258501756206,0.8005176746516914,51.59627856516276,25.6384035954886,2.8038156897261004,0.3035204683283199,9.237649457937698,0.7002452548008139,1.00274;1.00000;0.00023,66.32262328153071,27.62863530443495,0.8886970713946688,1.3124960495714173,0.07865686353728585,0.8773530660664274,0.15018127453455005,0.6823255800804047,5.314236416435005,4,5.458324716992734,0.9607142857142855,0.6703136334869697,15.721790138009512,dlw,0.18424975808819014,8,61.16182328370846,30.244169526895043,-2.2120056303493065,halpha,41.81794000123734,23.66621943559749,GJ 163 c,GJ 163,UPHELD_HARPS,25.63058,2.75,0,,2,True,0.5
GJ2046,260,5639.7227063002065,4.311549441913335,128.2425002113576,165.13767272377208,-23.322121434468087,-17.5653152394325,101.51143184527263,-27.847505093634602,2.4149733479708178,3.1166243804729086,False,-0.014999999999932522,1.7395539968613722,0.7422780057674129,41.90049596064709,4.311892251688136,1.7827933969638292,0.13917297949032653,12.809910397066304,0.8951533897973528,1.00273;1.00000;0.00278,36.11502131793188,1.2973637351867386,0.5297120439213487,0.7402950570316035,0.08747298556077454,0.18493375293537656,0.16941053699064576,4.8267265063522995,5.032807273398098,4,8.876954761593504,0.9857142857142854,0.0,3.9835416029885335,rhk,0.40323023039161293,8,28.205860529318713,31.111017244282397,-2.223879706675962,dlw,508.2556522871196,317.2766404462041,HD 40307 b,HD 40307,UPHELD_HARPS,4.3115,1.79,0,,3,True,0.5
GJ581,248,2908.971387299709,3.1489178650397904,62.02937035139257,71.28195926236006,-9.395509396363652,-7.7720884569593744,54.42251668250648,-13.469506629771482,2.3944516808262164,2.9655781166969817,False,-0.23999999999998317,2.2445688463508535,0.8456697264559038,0.2343988728672315,3.1488578567362357,1.6667948365637069,0.1974330420227028,8.44232971080921,0.6567218355328556,1.00273;0.99998;0.00285,9.856050577148828,1.459411453771146,0.5483717992176322,2.0259858286334307,0.22234878559255244,0.5877349012022526,0.008731665103838611,1.9268135033708538,11.638062579673182,4,8.884436446018292,0.95,12.097968638984256,3.8427267475180873,crx,0.351966235652312,8,138.22718757734185,70.26723610148755,-10.878218589457143,halpha,839.6209100131967,741.1138539128356,GJ 581 e,GJ 581,UPHELD_HARPS,3.1481,1.8,0,130,2,True,0.5
HD20794,546,6629.817624626681,18.327922831573815,43.6843264617321,45.58825750566245,-5.2460473033116655,-4.865220919947152,41.89023579692612,-9.485930963995227,2.7371926427047373,2.558388334223622,False,-0.275000000000021,1.166749320756695,0.9562477125751468,22.56080897339553,18.335029164463577,0.48627590919510905,0.07209897952149603,6.744560220164112,0.382378759347528,1.00273;0.99998;0.00273,22.318151261435155,17.4407098224571,0.1854543850656487,0.03563841430416366,0.007100696680196639,0.6934658816366948,0.8290694918971029,1.4516830987836793,0.8849028245811489,4,10.749529712915052,0.982142857142857,1.081675774777949,9.493809656546784,fwhm,0.22024779938226333,8,121.87369041223522,92.29288439374363,-15.3677904738186,halpha,144.13681746633225,25.97088039528652,HD 20794 b,HD 20794,UPHELD_HARPS,18.314,0.614,0,38.8,2,True,0.5
GJ667,263,5571.762736499775,61.990709300707245,17.324167715946032,17.863570469193483,-0.033847072221256755,-0.016120681254094847,16.804939580490984,-3.7618952213009114,2.419955748489758,1.9536660088972964,False,0.36000000000000026,2.372035615647079,0.9598211819991959,-28.819477506949937,307.09372028007675,0.960242430771302,0.22767128466623798,4.217670367077694,0.35699854780311835,1.00272;1.00002;0.00027,-8.731808063794183,74.46296905683582,0.06979984654077914,0.04984602301399599,0.031048937082710115,0.8647007965682882,0.02160959862770385,0.7360197277015621,9.668007968887112,4,51.50638673809504,-0.16785714285714282,0.0,5.923813189167365,fwhm,0.08151525739599948,8,42.1755565067036,35.29006089566141,-3.0244599152068736,halpha,42.22820416290014,14.340652501772137,GJ 667 C e,GJ 667 C,DISPUTED,62.24,0.92,4,~105,2,False,0.5
GJ667,263,5571.762736499775,39.032834889991086,15.115053408831045,15.550071395106515,-0.00029240927827638825,-5.971636393136323e-05,14.69571993063808,-3.2821921445641293,2.419955748489758,2.1545625199819765,False,-0.024999999999993038,2.372035615647079,0.9638365823288956,-30.836525364092495,307.09372028007675,0.8905106596530846,0.226893819012748,3.9247902985098566,0.3310737732939559,1.00272;1.00002;0.00027,-1.3206464806143874,121.04070755693147,0.1743617915765032,0.35718555241041466,0.10655247017394792,0.8967306970920497,0.9096058888821291,0.5986965781540532,0.5418483168784499,4,12.669905445404298,0.6857142857142856,0.0,10.490706309053742,halpha,0.08151524972825316,8,42.1755565067036,35.29006089566141,-3.0244599152068736,halpha,10.636717155911578,4.6179378379276494,GJ 667 C f,GJ 667 C,DISPUTED,39.026,1.08,4,~105,2,False,0.5
GJ2046,260,5639.7227063002065,201.33059843942607,6.627112127859789,6.718629953603491,0.0,0.0,6.537311103089173,-1.4390591140418119,2.4149733479708178,1.4473479666873448,True,-0.4999999999999993,1.1184114419023625,0.98267167351294,-27.607631215671105,35.04106208867358,0.33905077341762996,0.1308797483486472,2.590551843929599,0.22358726766978912,1.00273;1.00000;0.00278,1.7517610930353094,128.4588041713888,1.4784752977527758,1.592427759551967,0.3786355381360913,0.1129002673481008,0.0007812897675850354,5.973629748020119,16.788173158838664,4,69.75216493374263,0.6499999999999999,7.251779993987475,15.74090892420781,dlw,0.5585362339834915,8,28.205860529318713,31.111017244282397,-2.223879706675962,dlw,171.93636526911516,19.04264657180025,HD 40307 g,HD 40307,DISPUTED,197.8,0.95,0,,4,False,0.5
