signal,label,detected_v01,rule_v01,first_fail_v01,log10_fap_v01,p_boosting_v01,detected_v02,rule_v02,first_fail_v02,log10_fap_v02,p_boosting_v02,changed
GJ 581 d,REFUTED,True,False,indicators,-11.589310301671158,0.8906844799086774,True,False,indicators,-14.913917235303767,0.5654966913079063,False
GJ 581 g,REFUTED,False,False,detection,0.0,0.0353979604901074,False,False,detection,-1.6586432424716855e-14,0.022500631278197316,False
GJ 581 f,REFUTED,False,False,detection,0.0,0.0045933469245054,False,False,detection,0.0,0.008930035851469663,False
Kapteyn b,REFUTED,False,False,detection,-0.0002871134091979,0.0178702479781877,False,False,detection,-0.0011666605268235,0.10533872684335728,False
Kapteyn c,REFUTED,False,False,detection,-1.1983199853334914,0.0215585599526201,True,False,phase,-2.7329557781948983,0.0009265038655287397,True
HD 41248 b,REFUTED,False,False,detection,-0.0565966289878713,0.2177785624133353,False,False,detection,-0.164828024485965,0.33219088603677116,False
HD 41248 c,REFUTED,True,False,indicators,-7.264285999198785,0.3119169439249558,True,False,indicators,-9.991305868230944,0.02228520724198896,False
HD 26965 b,REFUTED,False,False,detection,-1.79826981884614,0.0488430871817805,True,True,passes,-2.727937660939181,0.040148303888688855,True
Barnard b (233 d),REFUTED,True,False,period,-3.359067439569673,0.0298350753319102,True,False,indicators,-4.563628100940107,0.01142367879760905,True
GJ 832 c,REFUTED,False,False,detection,-9.575193147449763e-11,0.00112453244638,False,False,detection,-4.6164589933842075e-09,0.0026696389482604456,False
AD Leo b,REFUTED,True,False,period,-13.60434977559806,0.0073471829548881,True,False,period,-33.94770406537374,0.15365259103411086,False
alpha Cen Bb,REFUTED,False,False,detection,0.0,0.0579489408451884,False,False,detection,0.0,0.44472009295186304,False
"GJ 176 b (HET, 10.24 d)",REFUTED,False,False,detection,0.0,0.0579675195457828,False,False,detection,0.0,0.2790603507558296,False
GJ 667 C d,REFUTED,False,False,detection,-0.0801928785912976,0.014040716665809,False,False,detection,-0.6924406527580071,0.0014385429041756624,False
HD 20794 c (40 d; Pepe+2011),REFUTED,False,False,detection,-3.621999499613185e-11,0.0265671938990256,False,False,detection,-0.0135483852116178,0.381464138597624,False
HD 85512 b,REFUTED,False,False,detection,-0.9756359877306874,0.006408516137536,False,False,detection,-1.1530387177887196,0.005044502664896824,False
tau Ceti b (13.97 d; Tuomi+2013),REFUTED,False,False,detection,0.0,0.4072692151219783,False,False,detection,0.0,0.09914431902879427,False
HD 136352 b,UPHELD_INDEPENDENT,True,True,passes,-15.562816374370977,0.9910931557799192,True,True,passes,-21.30661817884081,0.9737890722282363,False
HD 136352 c,UPHELD_INDEPENDENT,True,True,passes,-22.713375936174003,0.9966341613198438,True,True,passes,-34.883486742726056,0.9950381831369053,False
HD 136352 d,UPHELD_INDEPENDENT,True,True,passes,-11.115684594237422,0.9913706232675268,True,True,passes,-13.900406480898026,0.973736408752394,False
pi Men c,UPHELD_INDEPENDENT,True,True,passes,-2.3168216732114097,0.9613964340470624,True,True,passes,-2.877703554650424,0.7050058387972502,False
GJ 357 b,UPHELD_INDEPENDENT,False,False,detection,0.0,0.6717748531002102,False,False,detection,-9.643274665532872e-17,0.15660433132857393,False
GJ 1132 b,UPHELD_INDEPENDENT,False,False,detection,-0.1287816632197239,0.9645926937600164,False,False,detection,-0.2529434469727196,0.3747186782259133,False
HD 15337 b,UPHELD_INDEPENDENT,True,True,passes,-6.151502926759911,0.9914414115360746,True,True,passes,-9.155890673528688,0.9855174896459022,False
HD 15337 c,UPHELD_INDEPENDENT,False,False,detection,-1.3213186758584754,0.5432888563436232,True,True,passes,-2.117374241473381,0.4399231879579366,True
Proxima b,UPHELD_INDEPENDENT,False,False,detection,-0.6521254292804843,0.9700557251957952,False,False,detection,-1.1012979932690816,0.809785996906674,False
Proxima d,UPHELD_INDEPENDENT,False,False,detection,0.0,0.8231420777960734,False,False,detection,0.0,0.28539067436517324,False
GJ 581 b,UPHELD_INDEPENDENT,True,True,passes,-42.90496173329788,0.9987735187707384,True,True,passes,-117.42012723250237,0.999453744366738,False
GJ 581 c,UPHELD_INDEPENDENT,True,True,passes,-22.16325187720369,0.9961724027144854,True,True,passes,-33.96599342425463,0.987355953091641,False
GJ 436 b,UPHELD_INDEPENDENT,True,True,passes,-23.310026399171186,0.988313113069858,True,True,passes,-76.93066173782063,0.9978405855892918,False
GJ 876 b,UPHELD_INDEPENDENT,True,True,passes,-33.13413361504497,0.9924141931803048,True,True,passes,-59.89175431673685,0.9960665424248275,False
HD 1461 b,UPHELD_INDEPENDENT,True,True,passes,-20.75855557121668,0.9931690294035216,True,True,passes,-28.71940003101574,0.9791898763730136,False
HD 1461 c,UPHELD_INDEPENDENT,True,True,passes,-6.879541368381688,0.9594207816743304,True,True,passes,-8.018396124040697,0.9536639628692622,False
HD 192310 b,UPHELD_INDEPENDENT,True,True,passes,-33.09218390282075,0.8578536529640021,True,False,indicators,-44.37422468634814,0.31875193798368906,True
GJ 176 b,UPHELD_INDEPENDENT,False,False,detection,-1.2789755245427428,0.1559469861424758,True,True,passes,-5.227658151146197,0.9577013317759235,True
Barnard b (3.15 d),UPHELD_INDEPENDENT,False,False,detection,0.0,0.9415930394901554,False,False,detection,0.0,0.6720514995817574,False
HD 10180 d,UPHELD_HARPS,True,True,passes,-24.19638371372021,0.9989805800402488,True,True,passes,-34.689393480713896,0.9817965558539515,False
HD 47186 b,UPHELD_HARPS,True,True,passes,-19.43922672368349,0.998447217845136,True,True,passes,-42.568903431686486,0.9986144737253245,False
HD 181433 b,UPHELD_HARPS,True,True,passes,-18.880198602044977,0.998487827609312,True,True,passes,-30.22642740939756,0.9930285036869462,False
GJ 163 c,UPHELD_HARPS,True,True,passes,-8.96432982099864,0.9249255464086183,True,False,indicators,-11.315895290018128,0.9553190782901927,True
HD 40307 b,UPHELD_HARPS,True,True,passes,-17.85285986344947,0.9977746971318492,True,True,passes,-23.322121434468087,0.9892616443528682,False
GJ 581 e,UPHELD_HARPS,True,True,passes,-7.7499887394300835,0.9624095858399826,True,True,passes,-9.395509396363652,0.7952786795397263,False
HD 20794 b,UPHELD_HARPS,True,True,passes,-4.843240865876095,0.7870259037002278,True,True,passes,-5.2460473033116655,0.9902974600453456,False
GJ 667 C e,DISPUTED,False,False,detection,-0.003167442880965,0.0294921679995991,False,False,detection,-0.0338470722212567,0.2331546694616229,False
GJ 667 C f,DISPUTED,False,False,detection,-5.975484684618027e-05,0.6051613007451326,False,False,detection,-0.0002924092782763,0.2612205044427487,False
HD 40307 g,DISPUTED,False,False,detection,0.0,0.1004362050495214,False,False,detection,0.0,0.02445228003827892,False
