bin,p_mean,frac_pos,n,z
0,0.03036708873682719,0.025974025974025976,847,-0.7450816367833891
1,0.14821961551787982,0.14759036144578314,332,-0.03226847327857333
2,0.24862267348005532,0.2702702702702703,259,0.8060466237791283
3,0.3472133038187212,0.37083333333333335,240,0.7686032751582933
4,0.4482704090003379,0.43983402489626555,241,-0.2633490110063839
5,0.551634191123292,0.5355805243445693,267,-0.5274581935472485
6,0.6512545943007025,0.6426332288401254,319,-0.32310356453812245
7,0.7512793928216865,0.7683215130023641,423,0.8108437703588427
8,0.8539206868860861,0.8666666666666667,555,0.8501911704145713
9,0.9615926669654765,0.9537292817679558,1448,-1.5570092209038267
